ID,Name,atkId_Bullet,sfxId_Bullet,sfxId_Hit,sfxId_Flick,life,dist,shootInterval,gravityInRange,gravityOutRange,hormingStopRange,initVellocity,accelInRange,accelOutRange,maxVellocity,minVellocity,accelTime,homingBeginDist,hitRadius,hitRadiusMax,spreadTime,expDelay,hormingOffsetRange,dmgHitRecordLifeTime,externalForce,spEffectIDForShooter,autoSearchNPCThinkID,HitBulletID,spEffectId0,spEffectId1,spEffectId2,spEffectId3,spEffectId4,numShoot,homingAngle,shootAngle,shootAngleInterval,shootAngleXInterval,damageDamp,spelDamageDamp,fireDamageDamp,thunderDamageDamp,staminaDamp,knockbackDamp,shootAngleXZ,lockShootLimitAng,pad2,prevVelocityDirRate,atkAttribute,spAttribute,Material_AttackType,Material_AttackMaterial,isPenetrateChr,isPenetrateObj,pad,launchConditionType,FollowType,EmittePosType,isAttackSFX,isEndlessHit,isPenetrateMap,isHitBothTeam,isUseSharedHitList,isUseMultiDmyPolyIfPlace,isHitOtherBulletForceEraseA,isHitOtherBulletForceEraseB,isHitForceMagic,isIgnoreSfxIfHitWater,isIgnoreMoveStateIfHitWater,isHitDarkForceMagic,dmgCalcSide,isEnableAutoHoming,isSyncBulletCulcDumypolyPos,isOwnerOverrideInitAngle,isInheritSfxToChild,darkDamageDamp,bulletSfxDeleteType_byHit,bulletSfxDeleteType_byLifeDead,targetYOffsetRange,shootAngleYMaxRandom,shootAngleXMaxRandom,intervalCreateBulletId,intervalCreateTimeMin,intervalCreateTimeMax,predictionShootObserveTime,intervalCreateWaitTime,sfxPostureType,createLimitGroupId,pad5,isInheritSpeedToChild,isDisableHitSfx_byChrAndObj,isCheckWall_byCenterRay,isHitFlare,isUseBulletWallFilter,pad1,isNonDependenceMagicForFunnleNum,isAiInterruptShootNoDamageBullet,randomCreateRadius,followOffset_BaseHeight,assetNo_Hit,lifeRandomRange,homingAngleX,ballisticCalcType,attachEffectType,seId_Bullet1,seId_Bullet2,seId_Hit,seId_Flick,howitzerShootAngleXMin,howitzerShootAngleXMax,howitzerInitMinVelocity,howitzerInitMaxVelocity,sfxId_ForceErase,bulletSfxDeleteType_byForceErase,pad3,followDmypoly_forSfxPose,followOffset_Radius,spBulletDistUpRate,nolockTargetDist,pad4,
90000000,Ruins Greatsword [Repulsion],400000000,-1,-1,-1,0.2,0,0,0,0,0,0,0,0,0,0,0,0,0.1,5,0.06,0,0,0,0,0,0,-1,0,0,0,0,0,1,0,0,0,0,0,0,0,0,0,0,0,0,0,0,254,254,254,254,1,1,0,0,0,0,0,0,1,0,0,0,0,0,0,0,0,0,0,0,0,0,0,0,0,0,0,0,0,-1,0,0,0,0,0,0,0,0,0,0,0,0,0,0,0,0,0,-1,0,-1,0,0,-1,-1,-1,-1,0,0,0,0,-1,0,0,-1,0,1,0,[0|0|0|0|0|0|0|0]
90000001,Ruins Greatsword [Pull],400000001,-1,-1,-1,0.06,0,0,0,0,0,0,0,0,0,0,0,0,4,0,0,0,0,1,0,0,0,-1,470,0,0,0,0,1,0,0,0,0,0,0,0,0,0,0,0,0,0,0,254,254,254,254,1,1,0,0,0,0,0,0,1,0,1,0,0,0,0,0,0,0,0,0,0,0,0,0,0,0,0,0,0,-1,0,0,0,0,2,0,0,0,0,0,0,0,0,0,1,0,0,-1,0,-1,0,0,-1,-1,440071,440071,0,0,0,0,-1,0,0,-1,0,1,0,[0|0|0|0|0|0|0|0]
90000002,Ruins Greatsword [Pull],400000002,-1,-1,-1,0.06,0,0,0,0,0,0,0,0,0,0,0,0,6.2,0,0,0,0,1,0,0,0,-1,470,0,0,0,0,1,0,0,0,0,0,0,0,0,0,0,0,0,0,0,254,254,254,254,1,1,0,0,0,0,0,0,1,0,1,0,0,0,0,0,0,0,0,0,0,0,0,0,0,0,0,0,0,-1,0,0,0,0,2,0,0,0,0,0,0,0,0,0,1,0,0,-1,0,-1,0,0,-1,-1,440071,440071,0,0,0,0,-1,0,0,-1,0,1,0,[0|0|0|0|0|0|0|0]
90000003,Ruins Greatsword [Pull],400000003,-1,-1,-1,0.06,0,0,0,0,0,0,0,0,0,0,0,0,8.5,0,0,0,0,1,0,0,0,-1,470,0,0,0,0,1,0,0,0,0,0,0,0,0,0,0,0,0,0,0,254,254,254,254,1,1,0,0,0,0,0,0,1,0,1,0,0,0,0,0,0,0,0,0,0,0,0,0,0,0,0,0,0,-1,0,0,0,0,2,0,0,0,0,0,0,0,0,0,1,0,0,-1,0,-1,0,0,-1,-1,440071,440071,0,0,0,0,-1,0,0,-1,0,1,0,[0|0|0|0|0|0|0|0]
90000004,Ruins Greatsword [Repulsion EX],400000004,450553,-1,-1,0.2,0,0,0,0,0,0,0,0,0,0,0,0,0.1,5,0.06,0,0,0,0,0,0,-1,0,0,0,0,0,1,0,0,0,0,0,0,0,0,0,0,0,0,0,0,254,254,254,254,1,1,0,0,0,0,0,0,1,0,0,0,0,0,0,0,0,0,0,0,0,0,0,0,0,0,0,0,0,-1,0,0,0,0,0,0,0,0,0,0,0,0,0,0,0,0,0,-1,0,-1,0,0,-1,-1,-1,-1,0,0,0,0,-1,0,0,-1,0,1,0,[0|0|0|0|0|0|0|0]
90000005,Ruins Greatsword [1Pillar],400000005,-1,-1,-1,0.5,0.2,0,350,350,0,20,0,0,20,0,0,0,0.5,-1,0,0,0,2,0,0,0,90000006,0,0,0,0,0,1,0,0,0,0,0,0,0,0,0,0,0,0,0,0,254,254,254,254,1,0,0,0,0,2,0,0,0,0,1,0,0,0,0,0,0,0,0,0,0,0,0,0,0,0,0,0,0,-1,0,0,0,0,1,0,0,0,0,0,0,0,0,0,0,0,0,-1,0,-1,0,0,-1,-1,-1,-1,0,0,0,0,-1,0,0,-1,0,1,0,[0|0|0|0|0|0|0|0]
90000006,Ruins Greatsword [1Pillar],400000005,450116,-1,-1,0.05,0,0,0,0,0,0,0,0,0,0,0,0,2,2,0,0,0,2,0,0,0,-1,0,0,0,0,0,1,0,0,0,0,0,0,0,0,0,0,0,0,0,0,254,254,254,254,1,1,0,5,0,0,0,0,1,0,1,0,0,0,0,0,0,0,0,0,0,0,0,0,0,0,0,0,0,-1,0,0,0,0,1,0,0,0,0,0,0,0,0,0,0,0,0,-1,0,-1,0,0,-1,-1,-1,-1,0,0,0,0,-1,0,0,-1,0,1,0,[0|0|0|0|0|0|0|0]
90000007,Ruins Greatsword [DiagNebula],300707900,450501,-1,-1,0.2,999,0,0,0,0,8,0,0,8,8,0,0,0.1,-1,0,0,0,0.3,0,0,0,90000008,0,0,0,0,0,10,0,-90,20,8,0,0,0,0,0,0,-5,0,0,0,254,254,254,254,1,0,0,0,0,0,0,0,1,0,1,0,0,1,0,0,1,1,0,0,0,0,0,0,0,0,0,20,20,-1,0,0,0,0,0,0,0,0,0,0,0,0,0,0,1,0,0,-1,0.15,-1,0,0,-1,-1,-1,-1,0,0,0,0,-1,0,0,-1,0,1,-1,[0|0|0|0|0|0|0|0]
90000008,Ruins Greatsword [DiagNebula],300707901,450502,-1,-1,0.5,999,0,0,0,0,0.7,0,0,0.7,0.7,0,0,0.1,-1,0,0,0,0.3,0,0,0,90000009,0,0,0,0,0,1,0,0,0,0,0,0,0,0,0,0,0,0,0,0,254,254,254,254,1,1,0,0,0,0,0,0,1,0,1,0,0,1,0,0,1,1,0,0,0,0,0,0,0,0,0,0,0,-1,0,0,0,0,0,0,0,0,0,0,0,0,0,0,0,0,0,-1,1,-1,0,0,-1,-1,-1,-1,0,0,0,0,-1,0,0,-1,0,1,-1,[0|0|0|0|0|0|0|0]
90000009,Ruins Greatsword [DiagNebula],400000006,450503,-1,-1,0.25,999,0,0,0,0,0,0,0,0,0,0,0,0.1,1.8,0.15,0,0,0.3,0,0,0,-1,0,0,0,0,0,1,0,0,0,0,0,0,0,0,0,0,0,0,0,0,254,254,254,254,1,1,0,0,0,0,0,0,1,0,1,0,0,0,0,0,1,0,0,0,0,0,0,0,0,0,0,0,0,-1,0,0,0,0,1,0,0,0,0,0,0,0,0,0,0,0,0,-1,0,-1,0,0,-1,-1,-1,-1,0,0,0,0,-1,0,0,-1,0,1,-1,[0|0|0|0|0|0|0|0]
90000010,Ruins Greatsword [1Wave],30000812,440631,-1,-1,0.1,999,0,0,0,0,0,0,0,0,0,0,0,3,-1,0,0,0,0.3,0,0,0,-1,0,0,0,0,0,1,0,0,0,0,0,0,0,0,0,0,0,0,0,0,3,10,1,6,1,1,0,0,0,0,0,0,1,0,1,0,0,0,0,0,0,0,0,0,0,0,0,0,0,0,0,0,0,-1,0,0,0,0,1,0,0,0,0,0,0,0,0,0,1,0,0,-1,0,-1,0,0,-1,-1,-1,-1,0,0,0,0,-1,0,0,-1,0,1,0,[0|0|0|0|0|0|0|0]
90000011,Ruins Greatsword [Nebula],300707900,450501,-1,-1,0.2,999,0,0,0,0,8,0,0,8,8,0,0,0.1,-1,0,0,0,0.3,0,0,0,90000008,0,0,0,0,0,10,0,-90,20,0,0,0,0,0,0,0,-5,0,0,0,254,254,254,254,1,0,0,0,0,0,0,0,1,0,1,0,0,1,0,0,1,1,0,0,0,0,0,0,0,0,0,20,20,-1,0,0,0,0,0,0,0,0,0,0,0,0,0,0,1,0,0,-1,0.15,-1,0,0,-1,-1,-1,-1,0,0,0,0,-1,0,0,-1,0,1,-1,[0|0|0|0|0|0|0|0]
90000012,Ruins Greatsword [2Wave],400000007,440632,-1,-1,0.1,999,0,0,0,0,0,0,0,0,0,0,0,4.25,-1,0,0,0,0.3,0,0,0,-1,0,0,0,0,0,1,0,0,0,0,0,0,0,0,0,0,0,0,0,0,3,10,1,6,1,1,0,0,0,0,0,0,1,0,1,0,0,0,0,0,0,0,0,0,0,0,0,0,0,0,0,0,0,-1,0,0,0,0,1,0,0,0,0,0,0,0,0,0,1,0,0,-1,0,-1,0,0,-1,-1,-1,-1,0,0,0,0,-1,0,0,-1,0,1,0,[0|0|0|0|0|0|0|0]
90000013,Ruins Greatsword [3Pillar EX],303400605,-1,-1,-1,0.5,0.2,0,350,350,0,20,0,0,20,0,0,0,0.5,-1,0,0,0,2,0,0,0,3011,0,0,0,0,0,3,-25,-25,25,0,0,0,0,0,0,0,0,0,0,0,254,254,254,254,1,0,0,0,0,2,0,0,0,0,1,0,0,0,0,0,0,0,0,0,0,0,0,0,0,0,0,0,0,-1,0,0,0,0,1,0,0,0,0,0,0,0,0,0,0,0,0,-1,0,-1,0,0,-1,-1,-1,-1,0,0,0,0,-1,0,0,-1,0,1,0,[0|0|0|0|0|0|0|0]
90000014,Ruins Greatsword [Pull EX],400000008,-1,-1,-1,0.06,0,0,0,0,0,0,0,0,0,0,0,0,5,0,0,0,0,1,0,0,0,-1,470,0,0,0,0,1,0,0,0,0,0,0,0,0,0,0,0,0,0,0,254,254,254,254,1,1,0,0,0,0,0,0,1,0,1,0,0,0,0,0,0,0,0,0,0,0,0,0,0,0,0,0,0,-1,0,0,0,0,2,0,0,0,0,0,0,0,0,0,1,0,0,-1,0,-1,0,0,-1,-1,440071,440071,0,0,0,0,-1,0,0,-1,0,1,0,[0|0|0|0|0|0|0|0]
90000015,Ruins Greatsword [Pull EX],400000009,-1,-1,-1,0.06,0,0,0,0,0,0,0,0,0,0,0,0,10,0,0,0,0,1,0,0,0,-1,470,0,0,0,0,1,0,0,0,0,0,0,0,0,0,0,0,0,0,0,254,254,254,254,1,1,0,0,0,0,0,0,1,0,1,0,0,0,0,0,0,0,0,0,0,0,0,0,0,0,0,0,0,-1,0,0,0,0,2,0,0,0,0,0,0,0,0,0,1,0,0,-1,0,-1,0,0,-1,-1,440071,440071,0,0,0,0,-1,0,0,-1,0,1,0,[0|0|0|0|0|0|0|0]
90000016,Ruins Greatsword [Pull EX],400000010,-1,-1,-1,0.06,0,0,0,0,0,0,0,0,0,0,0,0,15,0,0,0,0,1,0,0,0,-1,470,0,0,0,0,1,0,0,0,0,0,0,0,0,0,0,0,0,0,0,254,254,254,254,1,1,0,0,0,0,0,0,1,0,1,0,0,0,0,0,0,0,0,0,0,0,0,0,0,0,0,0,0,-1,0,0,0,0,2,0,0,0,0,0,0,0,0,0,1,0,0,-1,0,-1,0,0,-1,-1,440071,440071,0,0,0,0,-1,0,0,-1,0,1,0,[0|0|0|0|0|0|0|0]
90000017,Ruins Greatsword [Pull EX],400000011,-1,-1,-1,0.06,0,0,0,0,0,0,0,0,0,0,0,0,20,0,0,0,0,1,0,0,0,-1,470,0,0,0,0,1,0,0,0,0,0,0,0,0,0,0,0,0,0,0,254,254,254,254,1,1,0,0,0,0,0,0,1,0,1,0,0,0,0,0,0,0,0,0,0,0,0,0,0,0,0,0,0,-1,0,0,0,0,2,0,0,0,0,0,0,0,0,0,1,0,0,-1,0,-1,0,0,-1,-1,440071,440071,0,0,0,0,-1,0,0,-1,0,1,0,[0|0|0|0|0|0|0|0]
90000018,Ruins Greatsword [Pull EX],400000012,-1,-1,-1,0.06,0,0,0,0,0,0,0,0,0,0,0,0,25,0,0,0,0,1,0,0,0,-1,470,0,0,0,0,1,0,0,0,0,0,0,0,0,0,0,0,0,0,0,254,254,254,254,1,1,0,0,0,0,0,0,1,0,1,0,0,0,0,0,0,0,0,0,0,0,0,0,0,0,0,0,0,-1,0,0,0,0,2,0,0,0,0,0,0,0,0,0,1,0,0,-1,0,-1,0,0,-1,-1,440071,440071,0,0,0,0,-1,0,0,-1,0,1,0,[0|0|0|0|0|0|0|0]
90000019,Ruins Greatsword [Pull EX],400000013,-1,-1,-1,0.06,0,0,0,0,0,0,0,0,0,0,0,0,30,0,0,0,0,1,0,0,0,-1,470,0,0,0,0,1,0,0,0,0,0,0,0,0,0,0,0,0,0,0,254,254,254,254,1,1,0,0,0,0,0,0,1,0,1,0,0,0,0,0,0,0,0,0,0,0,0,0,0,0,0,0,0,-1,0,0,0,0,2,0,0,0,0,0,0,0,0,0,1,0,0,-1,0,-1,0,0,-1,-1,440071,440071,0,0,0,0,-1,0,0,-1,0,1,0,[0|0|0|0|0|0|0|0]
90000020,Ruins Greatsword [Gravity Slam],400000014,646813,-1,-1,0.1,999,0,0,0,0,0,0,0,0,0,0,0,17,17,0,0,0,0,0,0,0,-1,0,0,0,0,0,1,0,0,0,0,0,0,0,0,0,0,0,0,0,0,254,254,254,254,1,1,0,0,0,0,0,0,1,1,0,0,0,0,0,0,0,0,0,0,0,0,0,0,0,0,0,0,0,-1,0,0,0,0,0,0,0,0,0,0,0,0,0,0,0,0,0,-1,0,-1,0,0,-1,-1,-1,-1,0,0,0,0,-1,0,0,-1,0,1,0,[0|0|0|0|0|0|0|0]
90000021,Ruins Greatsword [1BossWaveSFX],1,-1,-1,-1,0.1,0,0,999,999,0,0,0,0,999,0,0,0,0.1,0.1,0,0,0,0.3,0,0,0,4620511,0,0,0,0,0,1,0,0,0,0,0,0,0,0,0,0,0,0,0,0,254,254,254,254,1,1,0,0,0,2,0,1,0,0,1,0,0,0,0,0,0,0,0,0,0,0,0,0,0,0,0,0,0,-1,0,0,0,0,1,0,0,0,0,0,0,0,0,0,0,0,0,-1,0,-1,0,0,-1,-1,-1,-1,0,0,0,0,-1,0,0,-1,0,1,0,[0|0|0|0|0|0|0|0]
90000022,Ruins Greatsword [2BossWaveSFX],1,-1,-1,-1,0.1,0,0,999,999,0,0,0,0,999,0,0,0,0.1,0.1,0,0,0,0.3,0,0,0,4620522,0,0,0,0,0,1,0,0,0,0,0,0,0,0,0,0,0,0,0,0,254,254,254,254,1,1,0,0,0,2,0,1,0,0,1,0,0,0,0,0,0,0,0,0,0,0,0,0,0,0,0,0,0,-1,0,0,0,0,1,0,0,0,0,0,0,0,0,0,0,0,0,-1,0,-1,0,0,-1,-1,-1,-1,0,0,0,0,-1,0,0,-1,0,1,0,[0|0|0|0|0|0|0|0]
90000023,Ruins Greatsword [3BossWaveSFX],1,-1,-1,-1,0.1,0,0,999,999,0,0,0,0,999,0,0,0,0.1,0.1,0,0,0,0.3,0,0,0,4620532,0,0,0,0,0,1,0,0,0,0,0,0,0,0,0,0,0,0,0,0,254,254,254,254,1,1,0,0,0,2,0,1,0,0,1,0,0,0,0,0,0,0,0,0,0,0,0,0,0,0,0,0,0,-1,0,0,0,0,1,0,0,0,0,0,0,0,0,0,0,0,0,-1,0,-1,0,0,-1,-1,-1,-1,0,0,0,0,-1,0,0,-1,0,1,0,[0|0|0|0|0|0|0|0]
90000024,Ruins Greatsword [4BossWaveSFX],1,-1,-1,-1,0.1,0,0,999,999,0,0,0,0,999,0,0,0,0.1,0.1,0,0,0,0.3,0,0,0,4620542,0,0,0,0,0,1,0,0,0,0,0,0,0,0,0,0,0,0,0,0,254,254,254,254,1,1,0,0,0,2,0,1,0,0,1,0,0,0,0,0,0,0,0,0,0,0,0,0,0,0,0,0,0,-1,0,0,0,0,1,0,0,0,0,0,0,0,0,0,0,0,0,-1,0,-1,0,0,-1,-1,-1,-1,0,0,0,0,-1,0,0,-1,0,1,0,[0|0|0|0|0|0|0|0]
90000025,Ruins Greatsword [EpicAura EX],400000006,646811,-1,-1,0.1,999,0,0,0,0,0,0,0,0,0,0,0,17.5,17.5,0,0,0,0,0,0,0,-1,0,0,0,0,0,1,0,0,0,0,0,0,0,0,0,0,0,0,0,0,254,254,254,254,1,1,0,0,0,0,0,0,1,1,0,0,0,0,0,0,0,0,0,0,0,0,0,0,0,0,0,0,0,-1,0,0,0,0,0,0,0,0,0,0,0,0,0,0,0,0,0,-1,0,-1,0,0,-1,-1,-1,-1,0,0,0,0,-1,0,0,-1,0,1,0,[0|0|0|0|0|0|0|0]
90000026,Ruins Greatsword [BossWaveAtk2],30000812,-1,-1,-1,0.1,999,0,0,0,0,0,0,0,0,0,0,0,8,-1,0,0,0,0.3,0,0,0,-1,0,0,0,0,0,1,0,0,0,0,0,0,0,0,0,0,0,0,0,0,3,10,1,6,1,1,0,0,0,0,0,0,1,0,1,0,0,0,0,0,0,0,0,0,0,0,0,0,0,0,0,0,0,-1,0,0,0,0,1,0,0,0,0,0,0,0,0,0,1,0,0,-1,0,-1,0,0,-1,-1,-1,-1,0,0,0,0,-1,0,0,-1,0,1,0,[0|0|0|0|0|0|0|0]
90000027,Ruins Greatsword [BossWaveAtk3],30000812,-1,-1,-1,0.1,999,0,0,0,0,0,0,0,0,0,0,0,12,-1,0,0,0,0.3,0,0,0,-1,0,0,0,0,0,1,0,0,0,0,0,0,0,0,0,0,0,0,0,0,3,10,1,6,1,1,0,0,0,0,0,0,1,0,1,0,0,0,0,0,0,0,0,0,0,0,0,0,0,0,0,0,0,-1,0,0,0,0,1,0,0,0,0,0,0,0,0,0,1,0,0,-1,0,-1,0,0,-1,-1,-1,-1,0,0,0,0,-1,0,0,-1,0,1,0,[0|0|0|0|0|0|0|0]
90000028,Ruins Greatsword [Collapsing Stars],400000015,529972,529973,-1,0.6,20,0,0,0,0.5,7,0,0,7,7,0,1,0.3,-1,0,0,0,0,0,0,0,90000029,470,0,0,0,0,8,150,-53,15,0,0,0,0,0,0,0,20,50,0,0,254,254,254,254,0,0,0,4,0,0,0,0,0,0,0,0,0,1,0,0,1,1,0,1,0,0,1,0,0,0,0,10,35,-1,0,0,0,0,0,0,0,0,0,0,1,0,0,0,0,0,0,-1,0.4,-1,0,0,-1,-1,-1,-1,0,0,0,0,-1,0,0,-1,0,1,30,[0|0|0|0|0|0|0|0]
90000029,Ruins Greatsword [Collapsing Stars],400000015,529972,529973,-1,0.2,20,0,0,0,0.5,7,0,0,7,7,0,1,0.3,-1,0,0,0,0,0,0,0,90000030,470,0,0,0,0,1,150,0,0,0,0,0,0,0,0,0,10,50,0,0,254,254,254,254,0,0,0,4,0,0,0,0,0,0,0,0,0,1,0,0,1,1,0,1,0,0,1,0,0,0,0,5,10,-1,0,0,0,0,0,0,0,0,0,0,1,0,0,0,0,0,0,-1,0.4,-1,0,0,-1,-1,-1,-1,0,0,0,0,-1,0,0,-1,0,1,30,[0|0|0|0|0|0|0|0]
90000030,Ruins Greatsword [Collapsing Stars],400000015,529972,529973,-1,1,20,0,0,0,1,45,0,0,45,45,0,0,0.3,-1,0,0,0,0,0,0,0,-1,470,0,0,0,0,1,180,0,0,0,0,0,0,0,0,0,0,0,0,0,254,254,254,254,0,0,0,0,0,5,0,0,0,0,0,0,0,1,0,0,1,1,0,1,0,0,0,0,0,0,0,0,0,-1,0,0,0,0,0,0,0,0,0,0,1,0,0,0,0,0,0,-1,0.1,-1,0,0,-1,-1,-1,-1,0,0,0,0,-1,0,0,-1,0,1,0,[0|0|0|0|0|0|0|0]
90000031,Ruins Greatsword [3WaveSFX],-1,440633,-1,-1,0.1,999,0,0,0,0,0,0,0,0,0,0,0,5.5,-1,0,0,0,0.3,0,0,0,-1,0,0,0,0,0,1,0,0,0,0,0,0,0,0,0,0,0,0,0,0,3,10,1,6,1,1,0,0,0,0,0,0,1,0,1,0,0,0,0,0,0,0,0,0,0,0,0,0,0,0,0,0,0,-1,0,0,0,0,1,0,0,0,0,0,0,0,0,0,1,0,0,-1,0,-1,0,0,-1,-1,-1,-1,0,0,0,0,-1,0,0,-1,0,1,0,[0|0|0|0|0|0|0|0]
90000032,Ruins Greatsword [Bastard's Stars],303400990,-1,-1,-1,0,999,0.03,0,0,0,0,0,0,0,0,0,0,0.05,-1,0,0,0,0.8,0,0,0,90000033,0,0,0,0,0,1,0,0,0,0,0,0,0,0,0,0,0,0,0,0,254,254,254,254,1,1,0,0,0,0,0,0,1,0,1,0,0,0,0,0,0,0,0,0,1,0,0,0,0,0,0,0,0,-1,0,0,0,0,0,0,0,0,0,0,0,0,0,0,0,0,0,-1,0,-1,0,0,-1,-1,-1,-1,0,0,0,0,-1,0,0,-1,0,1,0,[0|0|0|0|0|0|0|0]
90000033,Ruins Greatsword [Bastard's Stars],0,-1,-1,-1,0.1,999,0,0,0,0,2,0,0,2,2,0,0,0.05,-1,0,0,0,0.8,0,0,0,90000034,0,0,0,0,0,1,0,0,0,0,0,0,0,0,0,0,0,0,0,0,254,254,254,254,1,1,0,0,0,0,0,0,0,0,1,0,0,0,0,0,0,0,0,0,0,0,0,0,0,0,0,360,360,-1,0,0,0,0,0,0,0,0,0,0,0,0,0,0,0,0,0,-1,0.1,-1,0,0,-1,-1,-1,-1,0,0,0,0,-1,0,0,-1,0,1,0,[0|0|0|0|0|0|0|0]
90000034,Ruins Greatsword [Bastard's Stars],0,450142,-1,-1,1,999,0,0,0,0,0,0,0,0,0,0,0,0.05,-1,0,0,0,0.8,0,0,0,90000035,0,0,0,0,0,1,0,0,0,0,0,0,0,0,0,0,0,0,0,0,254,254,254,254,1,1,0,0,0,0,0,0,1,0,1,0,0,0,0,0,0,0,0,0,0,0,0,0,0,0,0,0,0,-1,0,0,0,0,0,0,0,0,0,0,0,0,0,0,0,0,0,-1,0.8,-1,0,0,-1,-1,-1,-1,0,0,0,0,-1,0,0,-1,0,1,0,[0|0|0|0|0|0|0|0]
90000035,Ruins Greatsword [Bastard's Stars],400000006,450143,-1,-1,0.3,999,0,0,0,0,0,0,0,0,0,0,0,1.5,1.8,0.1,0,0,0.8,0,0,0,-1,0,0,0,0,0,1,0,0,0,0,0,0,0,0,0,0,0,0,0,0,254,254,254,254,1,1,0,0,0,0,0,0,1,0,1,0,0,0,0,0,0,0,0,0,0,0,0,0,0,0,0,0,0,-1,0,0,0,0,0,0,0,0,0,0,0,0,0,0,0,0,0,-1,0,-1,0,0,-1,-1,-1,-1,0,0,0,0,-1,0,0,-1,0,1,0,[0|0|0|0|0|0|0|0]
90000036,Ruins Greatsword [Bastard's Stars],303400990,-1,-1,-1,0,999,0.075,0,0,0,0,0,0,0,0,0,0,0.05,-1,0,0,0,0.8,0,0,0,90000033,0,0,0,0,0,1,0,0,0,0,0,0,0,0,0,0,0,0,0,0,254,254,254,254,1,1,0,0,0,0,0,0,1,0,1,0,0,0,0,0,0,0,0,0,1,0,0,0,0,0,0,0,0,-1,0,0,0,0,0,0,0,0,0,0,0,0,0,0,0,0,0,-1,0,-1,0,0,-1,-1,-1,-1,0,0,0,0,-1,0,0,-1,0,1,0,[0|0|0|0|0|0|0|0]
90000037,Ruins Greatsword [Weak Gravity Slam],400000016,646813,-1,-1,0.1,999,0,0,0,0,0,0,0,0,0,0,0,17,17,0,0,0,0,0,0,0,-1,0,0,0,0,0,1,0,0,0,0,0,0,0,0,0,0,0,0,0,0,254,254,254,254,1,1,0,0,0,0,0,0,1,1,0,0,0,0,0,0,0,0,0,0,0,0,0,0,0,0,0,0,0,-1,0,0,0,0,0,0,0,0,0,0,0,0,0,0,0,0,0,-1,0,-1,0,0,-1,-1,-1,-1,0,0,0,0,-1,0,0,-1,0,1,0,[0|0|0|0|0|0|0|0]
90000038,Ruins Greatsword [Gravity Bolt],400000005,-1,-1,-1,0.1,10,0,0,0,0,100,0,0,100,100,0,0,0.1,-1,0,0,0,2,0,0,0,90000039,0,0,0,0,0,1,360,0,0,0,0,0,0,0,0,0,0,30,0,0,254,254,254,254,0,0,0,0,0,0,0,0,0,0,1,0,0,0,0,0,1,0,0,0,0,0,0,0,0,0,0,0,0,-1,0,0,0,0,0,0,0,0,0,0,0,0,0,0,1,0,0,-1,0,-1,0,0,-1,-1,-1,-1,0,0,0,0,-1,0,0,-1,0,1,-1,[0|0|0|0|0|0|0|0]
90000039,Ruins Greatsword [Gravity Bolt],302308906,-1,-1,-1,0.05,0,0,0,0,0,0,0,0,0,0,0,0,0.1,-1,0,0,0,2,0,0,0,90000040,0,0,0,0,0,1,0,0,0,0,0,0,0,0,0,0,0,0,0,0,254,254,254,254,1,1,0,0,0,0,0,0,1,0,1,0,0,0,0,0,1,0,0,0,0,0,0,0,0,0,0,0,0,-1,0,0,0,0,1,0,0,0,0,0,0,0,0,0,0,0,0,-1,0,-1,0,0,-1,-1,-1,-1,0,0,0,0,-1,0,0,-1,0,1,-1,[0|0|0|0|0|0|0|0]
90000040,Ruins Greatsword [Gravity Bolt],302308907,-1,-1,-1,0.2,999,0,999,999,0,10,999,999,100,0,0.1,0,0.1,-1,0,0,0,2,0,0,0,90000041,0,0,0,0,0,1,0,0,0,0,0,0,0,0,0,0,-90,30,0,0,254,254,254,254,1,1,0,0,0,0,0,0,0,0,1,0,0,0,0,0,1,0,0,0,0,0,0,0,0,0,0,0,0,-1,0,0,0,0,0,0,0,0,0,0,0,0,0,0,0,0,0,-1,0,-1,0,0,-1,-1,-1,-1,0,0,0,0,-1,0,0,-1,0,1,-1,[0|0|0|0|0|0|0|0]
90000041,Ruins Greatsword [Gravity Bolt],302308908,450451,-1,-1,0.05,0,0,0,0,0,0,0,0,0,0,0,0,0.1,-1,0,0,0,2,0,0,0,90000042,0,0,0,0,0,1,0,0,0,0,0,0,0,0,0,0,0,0,0,0,254,254,254,254,1,1,0,5,0,0,0,0,1,0,1,0,0,0,0,0,1,0,0,0,0,0,0,0,0,0,0,0,0,-1,0,0,0,0,1,0,0,0,0,0,0,0,0,0,0,0,0,-1,0,-1,0,0,-1,-1,-1,-1,0,0,0,0,-1,0,0,-1,0,1,-1,[0|0|0|0|0|0|0|0]
90000042,Ruins Greatsword [Gravity Bolt],400000005,-1,-1,-1,0.05,999,0,0,0,0,0,0,0,0,0,0,0,1.5,-1,0,0,0,2,0,0,0,-1,0,0,0,0,0,1,0,0,0,0,0,0,0,0,0,0,80,0,0,0,254,254,254,254,1,1,0,0,0,0,0,0,1,0,1,0,0,0,0,0,1,0,0,0,0,0,0,0,0,0,0,0,0,-1,0,0,0,0,0,0,0,0,0,0,0,0,0,0,0,0,0,-1,0,-1,0,0,-1,-1,-1,-1,0,0,0,0,-1,0,0,-1,0,1,-1,[0|0|0|0|0|0|0|0]
90000043,Ruins Greatsword [Void Beam],400000004,646292,646293,-1,0.5,0,0,0,0,0,400,0,0,400,400,0,0,0.5,-1,0,0,0,0,0,0,0,-1,0,0,0,0,0,1,0,0,0,0,0,0,0,0,0,0,0,60,0,0,254,254,254,254,1,1,0,0,0,0,0,0,1,0,0,0,0,1,0,0,0,1,0,0,0,0,0,0,0,0,0,0,0,-1,0,0,0,0,0,0,0,0,0,0,0,0,0,0,0,0,0,-1,0,-1,0,0,-1,-1,-1,-1,0,0,0,0,-1,0,0,-1,0,1,0,[0|0|0|0|0|0|0|0]
90000044,Ruins Greatsword [VertNebula],300707900,450501,-1,-1,0.2,999,0,0,0,0,4,0,0,4,4,0,0,0.1,-1,0,0,0,0.3,0,0,0,90000008,0,0,0,0,0,10,0,-90,20,20,0,0,0,0,0,0,-60,0,0,0,254,254,254,254,1,0,0,0,0,0,0,0,1,0,1,0,0,1,0,0,1,1,0,0,0,0,0,0,0,0,0,20,20,-1,0,0,0,0,0,0,0,0,0,0,0,0,0,0,1,0,0,-1,0.15,-1,0,0,-1,-1,-1,-1,0,0,0,0,-1,0,0,-1,0,1,-1,[0|0|0|0|0|0|0|0]
90000045,Ruins Greatsword [1PillarNoFlip],400000017,-1,-1,-1,0.5,0.2,0,350,350,0,20,0,0,20,0,0,0,0.5,-1,0,0,0,2,0,0,0,90000046,0,0,0,0,0,1,0,0,0,0,0,0,0,0,0,0,0,0,0,0,254,254,254,254,1,0,0,0,0,2,0,0,0,0,1,0,0,0,0,0,0,0,0,0,0,0,0,0,0,0,0,0,0,-1,0,0,0,0,1,0,0,0,0,0,0,0,0,0,0,0,0,-1,0,-1,0,0,-1,-1,-1,-1,0,0,0,0,-1,0,0,-1,0,1,0,[0|0|0|0|0|0|0|0]
90000046,Ruins Greatsword [1PillarNoFlip],400000017,450116,-1,-1,0.05,0,0,0,0,0,0,0,0,0,0,0,0,2,2,0,0,0,2,0,0,0,-1,0,0,0,0,0,1,0,0,0,0,0,0,0,0,0,0,0,0,0,0,254,254,254,254,1,1,0,5,0,0,0,0,1,0,1,0,0,0,0,0,0,0,0,0,0,0,0,0,0,0,0,0,0,-1,0,0,0,0,1,0,0,0,0,0,0,0,0,0,0,0,0,-1,0,-1,0,0,-1,-1,-1,-1,0,0,0,0,-1,0,0,-1,0,1,0,[0|0|0|0|0|0|0|0]
90000047,Ruins Greatsword [Gravity Wave],400000018,647365,-1,-1,1.4,999,0,-0.5,0,0,10,15,15,15,10,0.1,0,2.8,-1,0,0,0,1,0,0,0,-1,0,0,0,0,0,13,0,-42,7,0,0,0,0,0,0,0,0,0,0,0,254,254,254,254,1,1,0,0,0,0,0,0,0,0,1,0,0,1,0,0,0,1,0,0,0,0,0,0,0,0,0,0,0,-1,0,0,0,0,0,0,0,0,0,1,0,0,0,0,0,0,0,-1,0,-1,0,0,-1,-1,-1,-1,0,0,0,0,-1,0,0,-1,0,1,-1,[0|0|0|0|0|0|0|0]
90000048,Ruins Greatsword [Devastation],399999999,646231,-1,-1,0.2,0,0,0,0,0,0,0,0,0,0,0,0,10,-1,0,0,0,0,0,0,0,-1,0,0,0,0,0,1,0,0,0,0,0,0,0,0,0,0,0,0,0,0,254,254,254,254,1,1,0,0,0,0,0,0,1,0,0,0,0,0,0,0,0,0,0,0,0,0,0,0,0,0,0,0,0,-1,0,0,0,0,0,0,0,0,0,0,0,0,0,0,0,0,0,-1,0,-1,0,0,-1,-1,-1,-1,0,0,0,0,-1,0,0,-1,0,1,0,[0|0|0|0|0|0|0|0]
90000049,Ruins Greatsword [DevastationLight],-1,-1,-1,-1,3.5,30,0,0,0,0,15,0,0,1,1,0,0,0.1,-1,0,0,0,0,0,0,1000100,-1,0,0,0,0,0,4,90,0,0,0,0,0,0,0,0,0,0,45,0,0,254,254,254,254,0,0,0,0,1,0,0,0,0,0,0,0,0,0,0,0,1,0,0,1,0,0,0,0,1,1,0,0,0,90000050,0.5,2,0,0,0,0,0,0,0,0,0,0,0,1,0,0,-1.5,-1,0,-1,0,0,-1,-1,-1,-1,0,0,0,0,-1,0,0,189,4.5,1,0,[0|0|0|0|0|0|0|0]
90000050,Ruins Greatsword [DevastationLight],-1,529994,-1,-1,0.1,0,0,0,0,0,0,0,0,0,0,0,0,-1,-1,0,0,0,0,0,0,0,90000051,0,0,0,0,0,1,30,0,0,0,0,0,0,0,0,0,0,30,0,0,254,254,254,254,0,0,0,0,0,0,0,0,0,0,0,0,0,1,0,0,1,1,0,1,0,1,0,0,0,0,0,0,0,-1,0,0,0,0,0,0,0,0,0,0,1,0,0,1,0,0,0,-1,0,-1,0,0,-1,-1,-1,-1,0,0,0,0,-1,0,0,-1,0,1,0,[0|0|0|0|0|0|0|0]
90000051,Ruins Greatsword [DevastationLight],400000019,646292,646293,-1,0.5,0,0,0,0,0,400,0,0,400,400,0,0,0.5,-1,0,0,0,0,0,0,0,-1,0,0,0,0,0,1,0,0,0,0,0,0,0,0,0,0,0,60,0,0,254,254,254,254,1,1,0,0,0,0,0,0,1,0,0,0,0,1,0,0,0,1,0,0,0,0,0,0,0,0,0,0,0,-1,0,0,0,0,0,0,0,0,0,0,0,0,0,0,0,0,0,-1,0,-1,0,0,-1,-1,-1,-1,0,0,0,0,-1,0,0,-1,0,1,0,[0|0|0|0|0|0|0|0]
90000054,Ruins Greatsword [DevastationHeavy],400000021,-1,-1,-1,0.05,0,0,0,0,1,0,0,0,0,0,0,1,0.3,-1,0,0,0,1,0,0,0,90000055,0,0,0,0,0,7,0,-45,15,0,0,0,0,0,0,0,0,0,0,0,254,254,254,254,1,0,0,4,0,2,0,0,0,0,1,0,0,0,0,0,0,0,0,0,0,0,0,0,0,0,0,0,0,-1,0,0,0,0,1,0,0,0,1,0,0,0,0,0,1,0,0,-1,0.1,-1,0,0,-1,-1,-1,-1,0,0,0,0,-1,0,0,-1,0,1,0,[0|0|0|0|0|0|0|0]
90000055,Ruins Greatsword [DevastationHeavy],400000021,-1,-1,-1,0.3,0,0,999,999,1,80,0,0,160,80,0,1,0.3,-1,0,0,0,1,0,0,0,90000056,0,0,0,0,0,1,0,0,0,0,0,0,0,0,0,0,-20,0,0,0,254,254,254,254,1,0,0,0,0,0,0,0,0,0,1,0,0,0,0,0,1,0,0,0,0,0,0,0,0,0,0,0,0,-1,0,0,0,0,1,0,0,0,1,0,0,0,0,0,1,0,0,-1,0,-1,0,0,-1,-1,-1,-1,0,0,0,0,-1,0,0,-1,0,1,0,[0|0|0|0|0|0|0|0]
90000056,Ruins Greatsword [DevastationHeavy],400000021,450116,-1,-1,0.05,0,0,0,0,1,0,0,0,0,0,0,1,3,-1,0,0,0,1,0,0,0,90000057,0,0,0,0,0,1,0,0,0,0,0,0,0,0,0,0,0,0,0,0,254,254,254,254,1,1,0,5,0,0,0,0,1,0,1,0,0,0,0,0,0,0,0,0,0,0,0,0,0,0,0,0,0,90000075,0.025,0.025,0,0,1,0,0,0,1,0,0,0,0,0,1,0,0,-1,0,-1,0,0,-1,-1,-1,-1,0,0,0,0,-1,0,0,-1,0,1,0,[0|0|0|0|0|0|0|0]
90000057,Ruins Greatsword [DevastationHeavy],400000021,-1,-1,-1,0.05,0,0,0,0,1,0,0,0,0,0,0,1,0.3,-1,0,0,0,1,0,0,0,90000058,0,0,0,0,0,1,0,0,0,0,0,0,0,0,0,0,0,0,0,0,254,254,254,254,1,0,0,4,0,2,0,0,0,0,1,0,0,0,0,0,0,0,0,0,0,0,0,0,0,0,0,0,0,-1,0,0,0,0,1,0,0,0,1,0,0,0,0,0,1,0,0,-1,0.1,-1,0,0,-1,-1,-1,-1,0,0,0,0,-1,0,0,-1,0,1,0,[0|0|0|0|0|0|0|0]
90000058,Ruins Greatsword [DevastationHeavy],400000021,-1,-1,-1,0.3,0,0,999,999,1,80,0,0,160,80,0,1,0.3,-1,0,0,0,1,0,0,0,90000059,0,0,0,0,0,1,0,0,0,0,0,0,0,0,0,0,-20,0,0,0,254,254,254,254,1,0,0,0,0,0,0,0,0,0,1,0,0,0,0,0,1,0,0,0,0,0,0,0,0,0,0,0,0,-1,0,0,0,0,1,0,0,0,1,0,0,0,0,0,1,0,0,-1,0,-1,0,0,-1,-1,-1,-1,0,0,0,0,-1,0,0,-1,0,1,0,[0|0|0|0|0|0|0|0]
90000059,Ruins Greatsword [DevastationHeavy],400000021,450116,-1,-1,0.05,0,0,0,0,1,0,0,0,0,0,0,1,3,-1,0,0,0,1,0,0,0,90000060,0,0,0,0,0,1,0,0,0,0,0,0,0,0,0,0,0,0,0,0,254,254,254,254,1,1,0,5,0,0,0,0,1,0,1,0,0,0,0,0,0,0,0,0,0,0,0,0,0,0,0,0,0,-1,0,0,0,0,1,0,0,0,1,0,0,0,0,0,1,0,0,-1,0,-1,0,0,-1,-1,-1,-1,0,0,0,0,-1,0,0,-1,0,1,0,[0|0|0|0|0|0|0|0]
90000060,Ruins Greatsword [DevastationHeavy],400000021,-1,-1,-1,0.05,0,0,0,0,1,0,0,0,0,0,0,1,0.3,-1,0,0,0,1,0,0,0,90000061,0,0,0,0,0,1,0,0,0,0,0,0,0,0,0,0,0,0,0,0,254,254,254,254,1,0,0,4,0,2,0,0,0,0,1,0,0,0,0,0,0,0,0,0,0,0,0,0,0,0,0,0,0,-1,0,0,0,0,1,0,0,0,1,0,0,0,0,0,1,0,0,-1,0.1,-1,0,0,-1,-1,-1,-1,0,0,0,0,-1,0,0,-1,0,1,0,[0|0|0|0|0|0|0|0]
90000061,Ruins Greatsword [DevastationHeavy],400000021,-1,-1,-1,0.3,0,0,999,999,1,90,0,0,160,80,0,1,0.3,-1,0,0,0,1,0,0,0,90000062,0,0,0,0,0,1,0,0,0,0,0,0,0,0,0,0,-20,0,0,0,254,254,254,254,1,0,0,0,0,0,0,0,0,0,1,0,0,0,0,0,1,0,0,0,0,0,0,0,0,0,0,0,0,-1,0,0,0,0,1,0,0,0,1,0,0,0,0,0,1,0,0,-1,0,-1,0,0,-1,-1,-1,-1,0,0,0,0,-1,0,0,-1,0,1,0,[0|0|0|0|0|0|0|0]
90000062,Ruins Greatsword [DevastationHeavy],400000021,450116,-1,-1,0.05,0,0,0,0,1,0,0,0,0,0,0,1,3,-1,0,0,0,1,0,0,0,90000063,0,0,0,0,0,1,0,0,0,0,0,0,0,0,0,0,0,0,0,0,254,254,254,254,1,1,0,5,0,0,0,0,1,0,1,0,0,0,0,0,0,0,0,0,0,0,0,0,0,0,0,0,0,90000075,0.025,0.025,0,0,1,0,0,0,1,0,0,0,0,0,1,0,0,-1,0,-1,0,0,-1,-1,-1,-1,0,0,0,0,-1,0,0,-1,0,1,0,[0|0|0|0|0|0|0|0]
90000063,Ruins Greatsword [DevastationHeavy],400000021,-1,-1,-1,0.05,0,0,0,0,1,0,0,0,0,0,0,1,0.3,-1,0,0,0,1,0,0,0,90000064,0,0,0,0,0,1,0,0,0,0,0,0,0,0,0,0,0,0,0,0,254,254,254,254,1,0,0,4,0,2,0,0,0,0,1,0,0,0,0,0,0,0,0,0,0,0,0,0,0,0,0,0,0,-1,0,0,0,0,1,0,0,0,1,0,0,0,0,0,1,0,0,-1,0.1,-1,0,0,-1,-1,-1,-1,0,0,0,0,-1,0,0,-1,0,1,0,[0|0|0|0|0|0|0|0]
90000064,Ruins Greatsword [DevastationHeavy],400000021,-1,-1,-1,0.3,0,0,999,999,1,80,0,0,160,80,0,1,0.3,-1,0,0,0,1,0,0,0,90000065,0,0,0,0,0,1,0,0,0,0,0,0,0,0,0,0,-20,0,0,0,254,254,254,254,1,0,0,0,0,0,0,0,0,0,1,0,0,0,0,0,1,0,0,0,0,0,0,0,0,0,0,0,0,-1,0,0,0,0,1,0,0,0,1,0,0,0,0,0,1,0,0,-1,0,-1,0,0,-1,-1,-1,-1,0,0,0,0,-1,0,0,-1,0,1,0,[0|0|0|0|0|0|0|0]
90000065,Ruins Greatsword [DevastationHeavy],400000021,450116,-1,-1,0.05,0,0,0,0,1,0,0,0,0,0,0,1,3,-1,0,0,0,1,0,0,0,90000066,0,0,0,0,0,1,0,0,0,0,0,0,0,0,0,0,0,0,0,0,254,254,254,254,1,1,0,5,0,0,0,0,1,0,1,0,0,0,0,0,0,0,0,0,0,0,0,0,0,0,0,0,0,-1,0.025,0.025,0,0,1,0,0,0,1,0,0,0,0,0,1,0,0,-1,0,-1,0,0,-1,-1,-1,-1,0,0,0,0,-1,0,0,-1,0,1,0,[0|0|0|0|0|0|0|0]
90000066,Ruins Greatsword [DevastationHeavy],400000021,-1,-1,-1,0.05,0,0,0,0,1,0,0,0,0,0,0,1,0.3,-1,0,0,0,1,0,0,0,90000067,0,0,0,0,0,1,0,0,0,0,0,0,0,0,0,0,0,0,0,0,254,254,254,254,1,0,0,4,0,2,0,0,0,0,1,0,0,0,0,0,0,0,0,0,0,0,0,0,0,0,0,0,0,-1,0,0,0,0,1,0,0,0,1,0,0,0,0,0,1,0,0,-1,0.1,-1,0,0,-1,-1,-1,-1,0,0,0,0,-1,0,0,-1,0,1,0,[0|0|0|0|0|0|0|0]
90000067,Ruins Greatsword [DevastationHeavy],400000021,-1,-1,-1,0.3,0,0,999,999,1,80,0,0,160,80,0,1,0.3,-1,0,0,0,1,0,0,0,90000068,0,0,0,0,0,1,0,0,0,0,0,0,0,0,0,0,-20,0,0,0,254,254,254,254,1,0,0,0,0,0,0,0,0,0,1,0,0,0,0,0,1,0,0,0,0,0,0,0,0,0,0,0,0,-1,0,0,0,0,1,0,0,0,1,0,0,0,0,0,1,0,0,-1,0,-1,0,0,-1,-1,-1,-1,0,0,0,0,-1,0,0,-1,0,1,0,[0|0|0|0|0|0|0|0]
90000068,Ruins Greatsword [DevastationHeavy],400000021,450116,-1,-1,0.05,0,0,0,0,1,0,0,0,0,0,0,1,3,-1,0,0,0,1,0,0,0,90000069,0,0,0,0,0,1,0,0,0,0,0,0,0,0,0,0,0,0,0,0,254,254,254,254,1,1,0,5,0,0,0,0,1,0,1,0,0,0,0,0,0,0,0,0,0,0,0,0,0,0,0,0,0,90000075,0.025,0.025,0,0,1,0,0,0,1,0,0,0,0,0,1,0,0,-1,0,-1,0,0,-1,-1,-1,-1,0,0,0,0,-1,0,0,-1,0,1,0,[0|0|0|0|0|0|0|0]
90000069,Ruins Greatsword [DevastationHeavy],400000021,-1,-1,-1,0.05,0,0,0,0,1,0,0,0,0,0,0,1,0.3,-1,0,0,0,1,0,0,0,90000070,0,0,0,0,0,1,0,0,0,0,0,0,0,0,0,0,0,0,0,0,254,254,254,254,1,0,0,4,0,2,0,0,0,0,1,0,0,0,0,0,0,0,0,0,0,0,0,0,0,0,0,0,0,-1,0,0,0,0,1,0,0,0,1,0,0,0,0,0,1,0,0,-1,0.1,-1,0,0,-1,-1,-1,-1,0,0,0,0,-1,0,0,-1,0,1,0,[0|0|0|0|0|0|0|0]
90000070,Ruins Greatsword [DevastationHeavy],400000021,-1,-1,-1,0.3,0,0,999,999,1,80,0,0,160,80,0,1,0.3,-1,0,0,0,1,0,0,0,90000071,0,0,0,0,0,1,0,0,0,0,0,0,0,0,0,0,-20,0,0,0,254,254,254,254,1,0,0,0,0,0,0,0,0,0,1,0,0,0,0,0,1,0,0,0,0,0,0,0,0,0,0,0,0,-1,0,0,0,0,1,0,0,0,1,0,0,0,0,0,1,0,0,-1,0,-1,0,0,-1,-1,-1,-1,0,0,0,0,-1,0,0,-1,0,1,0,[0|0|0|0|0|0|0|0]
90000071,Ruins Greatsword [DevastationHeavy],400000021,450116,-1,-1,0.05,0,0,0,0,1,0,0,0,0,0,0,1,3,-1,0,0,0,1,0,0,0,90000072,0,0,0,0,0,1,0,0,0,0,0,0,0,0,0,0,0,0,0,0,254,254,254,254,1,1,0,5,0,0,0,0,1,0,1,0,0,0,0,0,0,0,0,0,0,0,0,0,0,0,0,0,0,-1,0.025,0.025,0,0,1,0,0,0,1,0,0,0,0,0,1,0,0,-1,0,-1,0,0,-1,-1,-1,-1,0,0,0,0,-1,0,0,-1,0,1,0,[0|0|0|0|0|0|0|0]
90000072,Ruins Greatsword [DevastationHeavy],400000021,-1,-1,-1,0.05,0,0,0,0,1,0,0,0,0,0,0,1,0.3,-1,0,0,0,1,0,0,0,90000073,0,0,0,0,0,1,0,0,0,0,0,0,0,0,0,0,0,0,0,0,254,254,254,254,1,0,0,4,0,2,0,0,0,0,1,0,0,0,0,0,0,0,0,0,0,0,0,0,0,0,0,0,0,-1,0,0,0,0,1,0,0,0,1,0,0,0,0,0,1,0,0,-1,0.1,-1,0,0,-1,-1,-1,-1,0,0,0,0,-1,0,0,-1,0,1,0,[0|0|0|0|0|0|0|0]
90000073,Ruins Greatsword [DevastationHeavy],400000021,-1,-1,-1,0.3,0,0,999,999,1,80,0,0,160,80,0,1,0.3,-1,0,0,0,1,0,0,0,90000074,0,0,0,0,0,1,0,0,0,0,0,0,0,0,0,0,-20,0,0,0,254,254,254,254,1,0,0,0,0,0,0,0,0,0,1,0,0,0,0,0,1,0,0,0,0,0,0,0,0,0,0,0,0,-1,0,0,0,0,1,0,0,0,1,0,0,0,0,0,1,0,0,-1,0,-1,0,0,-1,-1,-1,-1,0,0,0,0,-1,0,0,-1,0,1,0,[0|0|0|0|0|0|0|0]
90000074,Ruins Greatsword [DevastationHeavy],400000021,450116,-1,-1,0.05,0,0,0,0,1,0,0,0,0,0,0,1,3,-1,0,0,0,1,0,0,0,-1,0,0,0,0,0,1,0,0,0,0,0,0,0,0,0,0,0,0,0,0,254,254,254,254,1,1,0,5,0,0,0,0,1,0,1,0,0,0,0,0,0,0,0,0,0,0,0,0,0,0,0,0,0,90000075,0.025,0.025,0,0,1,0,0,0,1,0,0,0,0,0,1,0,0,-1,0,-1,0,0,-1,-1,-1,-1,0,0,0,0,-1,0,0,-1,0,1,0,[0|0|0|0|0|0|0|0]
90000075,Ruins Greatsword [DevastationHeavy],400000020,646801,-1,-1,5.5,999,0,0,0,0,0,0,0,0,0,0,0,3.5,3.5,0,0,0,0.5,0,0,0,-1,0,0,0,0,0,1,0,0,0,0,0,0,0,0,0,0,0,0,0,0,254,254,254,254,1,1,0,0,0,0,0,1,1,0,0,0,0,0,0,0,0,0,0,0,0,0,0,0,0,0,0,0,0,-1,0,0,0,0,0,0,0,0,0,0,0,0,0,0,0,0,0,-1,0,-1,0,0,-1,-1,-1,-1,0,0,0,0,-1,0,0,-1,0,1,0,[0|0|0|0|0|0|0|0]
90000076,Ruins Greatsword [DevastationHeavy],400000021,-1,-1,-1,0.35,0,0,900,900,1,20,0,0,41,11,0,1,0.05,-1,0,0,0,1,0,0,0,90000077,0,0,0,0,0,1,0,0,0,0,0,0,0,0,0,0,-30,0,0,0,254,254,254,254,1,0,0,5,0,0,0,0,0,0,0,0,0,0,1,0,1,0,0,0,0,0,0,0,0,0,0,0,0,-1,0,0,0,0,0,0,0,0,1,0,0,0,0,0,1,0,0,-1,0,-1,0,0,-1,-1,-1,-1,0,0,0,0,-1,0,0,-1,0,1,0,[0|0|0|0|0|0|0|0]
90000077,Ruins Greatsword [DevastationHeavy],400000021,450116,-1,-1,0.05,0,0,0,0,1,0,0,0,0,0,0,1,3,-1,0,0,0,1,0,0,0,90000054,0,0,0,0,0,1,0,0,0,0,0,0,0,0,0,0,0,0,0,0,254,254,254,254,1,1,0,5,0,0,0,0,1,0,1,0,0,0,0,0,0,0,0,0,0,0,0,0,0,0,0,0,0,-1,0,0,0,0,1,0,0,0,1,0,0,0,0,0,1,0,0,-1,0,-1,0,0,-1,-1,-1,-1,0,0,0,0,-1,0,0,-1,0,1,0,[0|0|0|0|0|0|0|0]
90000079,Ruins Greatsword [PillarRandom],79991,-1,-1,-1,1,0,0.15,0,0,0,0,0,0,0,0,0,0,0.5,-1,0,0,0,1,0,0,0,90000080,0,0,0,0,0,4,0,0,0,0,0,0,0,0,0,0,0,0,0,0,254,254,254,254,0,0,0,0,0,1,0,0,0,0,1,0,0,0,0,0,1,0,0,0,0,0,0,0,0,0,0,0,0,-1,0,0,0,0,0,0,0,0,0,0,0,0,0,0,0,30,0,-1,0,-1,0,0,-1,-1,-1,-1,0,0,0,0,-1,0,0,-1,0,1,0,[0|0|0|0|0|0|0|0]
90000080,Ruins Greatsword [PillarRandom],1,530125,-1,-1,1.2,0,0,0,0,0,0,0,0,0,0,0,0,0.5,-1,0,0,0,1,0,0,0,90000081,0,0,0,0,0,1,0,0,0,0,0,0,0,0,0,0,0,0,0,0,254,254,254,254,1,1,0,0,0,0,0,0,1,0,1,0,0,0,0,0,1,0,0,0,0,0,0,0,0,0,0,0,0,-1,0,0,0,0,0,0,0,0,0,0,0,0,0,0,0,0,0,-1,0,-1,0,0,-1,-1,-1,-1,0,0,0,0,-1,0,0,-1,0,1,0,[0|0|0|0|0|0|0|0]
90000081,Ruins Greatsword [PillarRandom],1,450116,-1,-1,0.1,0,0,0,0,0,0,0,0,0,0,0,0,1,-1,0,0,0,1,0,0,0,90000083,0,0,0,0,0,1,0,0,0,0,0,0,0,0,0,0,0,0,0,0,254,254,254,254,1,1,0,0,0,0,0,0,1,0,1,0,0,0,0,0,1,0,0,0,0,0,0,0,0,0,0,0,0,90000082,0.05,0.05,0,0,0,0,0,0,0,0,0,0,0,0,0,0,0,-1,0,-1,0,0,-1,-1,-1,-1,0,0,0,0,-1,0,0,-1,0,1,0,[0|0|0|0|0|0|0|0]
90000082,Ruins Greatsword [PillarRandom],303400605,-1,450116,-1,0.5,0,0,0,0,0,6,0,0,6,6,0,0,2,-1,0,0,0,1,0,0,0,-1,0,0,0,0,0,1,0,0,0,0,0,0,0,0,0,0,90,0,0,0,254,254,254,254,1,1,0,0,0,0,0,0,1,0,1,0,0,0,0,0,1,0,0,0,0,0,0,0,0,0,0,0,0,-1,0,0,0,0,0,0,0,0,0,0,0,0,0,0,0,0,0,-1,0,-1,0,0,-1,-1,-1,-1,0,0,0,0,-1,0,0,-1,0,1,0,[0|0|0|0|0|0|0|0]
90000083,Ruins Greatsword [PillarRandom],303400605,-1,-1,-1,0.5,0,0,0,0,0,0,0,0,0,0,0,0,2,-1,0,0,0,1,0,0,0,-1,0,0,0,0,0,1,0,0,0,0,0,0,0,0,0,0,0,0,0,0,254,254,254,254,1,1,0,0,0,0,0,0,1,0,1,0,0,0,0,0,1,0,0,0,0,0,0,0,0,0,0,0,0,-1,0,0,0,0,0,0,0,0,0,0,0,0,0,0,0,0,0,-1,0,-1,0,0,-1,-1,-1,-1,0,0,0,0,-1,0,0,-1,0,1,0,[0|0|0|0|0|0|0|0]
90000084,Sword of Night and Flame [Star Blast],400000025,526262,526263,-1,2,30,0,-1,0,2.7,40,5,0,45,40,0.1,0,0.4,-1,0,0,0,0,0,0,0,-1,0,0,0,0,0,1,45,0,0,0,0,0,0,0,0,0,0,0,0,0,254,254,254,254,0,0,0,0,0,0,0,0,0,0,0,0,0,1,0,0,1,1,0,0,0,0,1,0,0,0,0,0,0,-1,0,0,0,0,0,0,0,0,0,0,1,0,0,0,0,0,0,-1,0,-1,0,0,-1,-1,-1,-1,0,0,0,0,-1,0,0,-1,0,0,-1,[0|0|0|0|0|0|0|0]
90000085,Sword of Night and Flame [Flame Pillar],301600840,-1,-1,-1,0.05,10,0,999,999,30,50,0,0,50,50,0,15,0.3,-1,0,0,0,2,0,0,0,10612001,0,0,0,0,0,1,0,0,0,0,0,0,0,0,0,0,0,30,0,0,3,12,3,6,0,0,0,0,0,0,0,0,0,0,1,0,0,0,0,0,0,0,0,0,0,0,0,0,0,0,0,0,0,-1,0,0,0,0,0,0,0,0,0,0,0,0,0,0,0,0,0,-1,0,-1,0,0,-1,-1,-1,-1,0,0,0,0,-1,0,0,-1,0,1,0,[0|0|0|0|0|0|0|0]
90000086,Sword of Night and Flame [Magic Wave],400000023,450072,450073,-1,0.15,999,0,0,0,0,30,0,0,30,30,0,0,0.4,-1,0,0,0,0,0,0,0,-1,0,0,0,0,0,3,60,-25,25,6,0,0,0,0,0,0,-6,20,0,0,254,254,254,254,0,0,0,0,0,0,0,0,0,0,0,0,0,1,0,0,1,1,0,0,0,0,0,0,0,0,0,0,0,-1,0,0,0,0,0,0,0,0,0,0,1,0,0,0,0,0,0,-1,0,-1,0,0,-1,-1,-1,-1,0,0,0,0,-1,0,0,-1,0,1,-1,[0|0|0|0|0|0|0|0]
90000087,Sword of Night and Flame [Ember],400000024,524102,-1,-1,0.3,0,0,0,0,0,0,0,0,0,0,0,0,0.6,-1,0,0,0,0,0,0,0,-1,0,0,0,0,0,1,0,0,0,0,0,0,0,0,0,0,0,0,0,0,254,254,254,254,1,1,0,0,0,5,0,0,1,0,0,0,0,0,0,0,1,0,0,0,0,1,0,0,0,0,0,0,0,-1,0,0,0,0,1,0,0,0,0,0,0,0,0,0,0,0,0,-1,0,-1,0,0,-1,-1,-1,-1,0,0,0,0,-1,0,0,-1,0,1,0,[0|0|0|0|0|0|0|0]
90000088,Sword of Night and Flame [Flame Wave],400000024,-1,-1,-1,0.17,2,0,0,0,0,8,0,0,8,8,0,0,0.1,-1,0,0,0,1.5,0,0,0,90000089,0,0,0,0,0,4,0,-60,42,15,0,0,0,0,0,0,-25,0,0,0,3,11,3,6,1,1,0,0,0,0,0,0,1,0,1,0,0,0,0,0,0,0,0,0,0,0,0,0,0,0,0,5,15,-1,0,0,0,0,0,0,0,0,0,0,0,0,0,0,1,0,0,-1,0,-1,0,0,-1,-1,-1,-1,0,0,0,0,-1,0,0,-1,0,1,0,[0|0|0|0|0|0|0|0]
90000089,Sword of Night and Flame [Flame Wave],400000024,524102,-1,-1,0.3,2,0,0,0,0,0,0,0,0,0,0,0,0.8,-1,0,0,0,1.5,0,0,0,-1,0,0,0,0,0,1,0,0,0,0,0,0,0,0,0,0,0,0,0,0,3,11,3,6,0,0,0,0,0,0,0,0,1,0,1,0,0,0,0,0,0,0,0,0,0,0,0,0,0,0,0,0,0,-1,0,0,0,0,0,0,0,0,0,0,0,0,0,0,0,0,0,-1,0,-1,0,0,-1,-1,-1,-1,0,0,0,0,-1,0,0,-1,0,1,0,[0|0|0|0|0|0|0|0]
90000090,Sword of Night and Flame [Fireball],400000026,524007,524008,-1,2,30,0,-1,0,2.7,40,5,0,45,40,0.1,0,0.4,-1,0,0,0,0,0,0,0,-1,0,0,0,0,0,1,45,0,0,0,0,0,0,0,0,0,0,0,0,0,254,254,254,254,0,0,0,0,0,0,0,0,0,0,0,0,0,1,0,0,1,1,0,0,0,0,1,0,0,0,0,0,0,-1,0,0,0,0,0,0,0,0,0,0,1,0,0,0,0,0,0,-1,0,-1,0,0,-1,-1,-1,-1,0,0,0,0,-1,0,0,-1,0,0,-1,[0|0|0|0|0|0|0|0]
90000091,Sword of Night and Flame [MoonsplosionJR2],400000022,523804,-1,-1,0.1,999,0,0,0,0,0,0.1,0,0,0,0,0,3,3,0,0,0,0,0,0,0,90000121,-1,0,0,0,0,1,0,0,0,0,0,0,0,0,0,0,0,30,0,0,254,254,254,254,1,1,0,0,0,0,0,0,1,0,1,0,0,0,0,0,1,0,0,0,0,0,0,0,0,0,0,0,0,-1,0,0,0,0,0,0,0,0,0,0,0,0,0,0,0,0,0,-1,0,-1,0,0,-1,-1,-1,-1,0,0,0,0,-1,0,0,-1,0,1,0,[0|0|0|0|0|0|0|0]
90000092,Sword of Night and Flame [Magic StunJR2],400000022,526273,-1,-1,0.1,999,0,0,0,0,0,0,0,0,0,0,0,1,3,0.05,0,0,0,0,0,0,-1,0,0,0,0,0,1,0,0,0,0,0,0,0,0,0,0,0,0,0,0,3,0,0,6,0,0,0,5,0,0,0,0,1,1,0,0,0,0,0,0,1,0,0,0,0,0,0,0,0,0,0,0,0,-1,0,0,0,0,0,0,0,0,0,0,0,0,0,0,1,0,0,-1,0,-1,0,0,-1,-1,-1,-1,0,0,0,0,-1,0,0,-1,0,1,0,[0|0|0|0|0|0|0|0]
90000095,Sword of Night and Flame [Magic Stun],400000025,526273,-1,-1,0.1,999,0,0,0,0,0,0,0,0,0,0,0,1,3,0.05,0,0,0,0,0,0,-1,0,0,0,0,0,1,0,0,0,0,0,0,0,0,0,0,0,0,0,0,3,0,0,6,0,0,0,5,0,0,0,0,1,1,0,0,0,0,0,0,1,0,0,0,0,0,0,0,0,0,0,0,0,-1,0,0,0,0,0,0,0,0,0,0,0,0,0,0,1,0,0,-1,0,-1,0,0,-1,-1,-1,-1,0,0,0,0,-1,0,0,-1,0,1,0,[0|0|0|0|0|0|0|0]
90000096,Sword of Night and Flame [MagVertSlash],400000027,450873,450874,-1,1.2,20,0,0,0,0,11,-5,-25,11,5,0.1,0,0.1,-1,0,0,0,99,0,0,0,-1,0,0,0,0,0,1,0,0,0,0,0,0,0,0,0,0,0,10,0,0,254,254,254,254,1,1,0,0,0,0,0,0,0,0,1,0,0,1,0,0,1,1,0,0,0,0,1,0,0,0,0,0,0,90000097,0.01,0.01,0,0,0,0,0,0,0,0,0,0,0,0,0,0,0,-1,0,-1,0,0,-1,-1,-1,-1,0,0,0,0,-1,0,0,-1,0,1,0,[0|0|0|0|0|0|0|0]
90000097,Sword of Night and Flame [MagVertSlash],400000025,-1,450874,-1,0.04,20,0,0,0,0,40,0,0,40,40,0,0,0.3,-1,0,0,0,99,0,0,0,-1,0,0,0,0,0,2,0,-35,70,180,0,0,0,0,0,0,90,0,0,0,254,254,254,254,1,1,0,0,0,0,0,0,0,0,1,0,0,1,0,0,1,1,0,0,0,0,0,0,0,0,0,0,0,-1,0,0,0,0,0,0,0,0,0,0,0,0,0,0,0,0,0,-1,0,-1,0,0,-1,-1,-1,-1,0,0,0,0,-1,0,0,-1,0,1,0,[0|0|0|0|0|0|0|0]
90000098,Sword of Night and Flame [FlmDiagSlash],400000026,-1,-1,-1,0.02,0,0,0,0,0,50,0,0,50,50,0,0,0.4,-1,0,0,0,2,0,0,0,90000100,0,0,0,0,0,16,0,-30,4,3,0,0,0,0,0,0,-25,30,0,0,3,11,1,6,1,0,0,0,0,0,0,0,0,0,1,0,0,0,0,0,0,0,0,0,0,0,0,0,0,0,0,0,0,-1,0,0,0,0,0,0,0,0,0,1,0,0,0,0,0,0,0,-1,0,-1,0,0,-1,-1,-1,-1,0,0,0,0,-1,0,0,-1,0,1,0,[0|0|0|0|0|0|0|0]
90000099,Sword of Night and Flame [FlmDiagSlash2],400000026,-1,-1,-1,0.02,0,0,0,0,0,50,0,0,50,50,0,0,0.4,-1,0,0,0,2,0,0,0,90000100,0,0,0,0,0,16,0,-30,4,-3,0,0,0,0,0,0,25,30,0,0,3,11,1,6,1,0,0,0,0,0,0,0,0,0,1,0,0,0,0,0,0,0,0,0,0,0,0,0,0,0,0,0,0,-1,0,0,0,0,0,0,0,0,0,1,0,0,0,0,0,0,0,-1,0,-1,0,0,-1,-1,-1,-1,0,0,0,0,-1,0,0,-1,0,1,0,[0|0|0|0|0|0|0|0]
90000100,Sword of Night and Flame [FlmDiagSlash],400000026,524052,-1,-1,1.2,0.5,0,-0.2,-0.2,0,11,-5,-25,11,5,0.1,0,0.4,-1,0,0,0,2,0,0,0,-1,0,0,0,0,0,1,0,0,0,0,0,0,0,0,0,0,0,0,0,0,3,11,1,6,1,0,0,0,0,0,0,0,0,0,1,0,0,0,0,0,0,0,0,0,0,0,0,0,0,0,0,0,0,-1,0,0,0,0,0,0,0,0,0,1,0,0,0,0,0,0,0,-1,0,-1,0,0,-1,-1,-1,-1,0,0,0,0,-1,0,0,-1,0,1,0,[0|0|0|0|0|0|0|0]
90000101,Sword of Night and Flame [Firestorm],79981,-1,-1,-1,1,0,0.15,0,0,0,0,0,0,0,0,0,0,0.5,-1,0,0,0,1,0,0,0,90000102,0,0,0,0,0,2,0,0,0,0,0,0,0,0,0,0,0,0,0,0,254,254,254,254,0,0,0,0,0,1,0,0,0,0,1,0,0,0,0,0,1,0,0,0,0,0,0,0,0,0,0,0,0,-1,0,0,0,0,0,0,0,0,0,0,0,0,0,0,0,15,0,-1,0,-1,0,0,-1,-1,-1,-1,0,0,0,0,-1,0,0,-1,0,1,0,[0|0|0|0|0|0|0|0]
90000102,Sword of Night and Flame [Firestorm],1,524034,-1,-1,0.7,0,0,0,0,0,0,0,0,0,0,0,0,0.5,-1,0,0,0,1,0,0,0,90000103,0,0,0,0,0,1,0,0,0,0,0,0,0,0,0,0,0,0,0,0,254,254,254,254,1,1,0,0,0,0,0,0,1,0,1,0,0,0,0,0,1,0,0,0,0,0,0,0,0,0,0,0,0,-1,0,0,0,0,0,0,0,0,0,0,0,0,0,0,0,0,0,-1,0.6,-1,0,0,-1,-1,-1,-1,0,0,0,0,-1,0,0,-1,0,1,0,[0|0|0|0|0|0|0|0]
90000103,Sword of Night and Flame [Firestorm],1,524032,-1,-1,0.1,0,0,0,0,0,0,0,0,0,0,0,0,1,-1,0,0,0,1,0,0,0,90000105,0,0,0,0,0,1,0,0,0,0,0,0,0,0,0,0,0,0,0,0,254,254,254,254,1,1,0,0,0,0,0,0,1,0,1,0,0,0,0,0,1,0,0,0,0,0,0,0,0,0,0,0,0,90000104,0.05,0.05,0,0,0,0,0,0,0,0,0,0,0,0,0,0,0,-1,0,-1,0,0,-1,-1,-1,-1,0,0,0,0,-1,0,0,-1,0,1,0,[0|0|0|0|0|0|0|0]
90000104,Sword of Night and Flame [Firestorm],400000026,-1,524033,-1,0.5,0,0,0,0,0,6,0,0,6,6,0,0,1,-1,0,0,0,0.2,0,0,0,-1,0,0,0,0,0,1,0,0,0,0,0,0,0,0,0,0,90,0,0,0,254,254,254,254,1,1,0,0,0,0,0,0,1,0,1,0,0,0,0,0,1,0,0,0,0,0,0,0,0,0,0,0,0,-1,0,0,0,0,0,0,0,0,0,0,0,0,0,0,0,0,0,-1,0,-1,0,0,-1,-1,-1,-1,0,0,0,0,-1,0,0,-1,0,1,0,[0|0|0|0|0|0|0|0]
90000105,Sword of Night and Flame [Firestorm],400000026,-1,-1,-1,0.5,0,0,0,0,0,0,0,0,0,0,0,0,1,-1,0,0,0,0.2,0,0,0,-1,0,0,0,0,0,1,0,0,0,0,0,0,0,0,0,0,0,0,0,0,254,254,254,254,1,1,0,0,0,0,0,0,1,0,1,0,0,0,0,0,1,0,0,0,0,0,0,0,0,0,0,0,0,-1,0,0,0,0,0,0,0,0,0,0,0,0,0,0,0,0,0,-1,0,-1,0,0,-1,-1,-1,-1,0,0,0,0,-1,0,0,-1,0,1,0,[0|0|0|0|0|0|0|0]
90000106,Sword of Night and Flame [MagHorzSlash3],400000022,450872,450874,-1,0.8,20,0,0,0,2,10,15,15,15,10,0.1,0,0.1,-1,0,0,0,0,0,0,0,-1,0,0,0,0,0,3,0,-40,40,0,0,0,0,0,0,0,0,10,0,0,254,254,254,254,1,1,0,0,0,0,0,0,1,0,1,0,0,1,0,0,1,1,0,0,0,0,1,0,0,0,0,0,0,90000107,0.01,0.01,0,0,0,0,0,0,0,0,0,0,0,0,0,0,0,-1,0,-1,0,0,-1,-1,-1,-1,0,0,0,0,-1,0,0,-1,0,1,0,[0|0|0|0|0|0|0|0]
90000107,Sword of Night and Flame [MagHorzSlash3],400000022,-1,450874,-1,0.06,20,0,0,0,0,45,0,0,45,45,0,0,0.3,-1,0,0,0,0,0,0,0,-1,0,0,0,0,0,2,0,-95,190,0,0,0,0,0,0,0,0,0,0,0,254,254,254,254,1,1,0,0,0,0,0,0,0,0,1,0,0,1,0,0,1,1,0,0,0,0,0,0,0,0,0,0,0,-1,0,0,0,0,0,0,0,0,0,0,0,0,0,0,0,0,0,-1,0,-1,0,0,-1,-1,-1,-1,0,0,0,0,-1,0,0,-1,0,1,0,[0|0|0|0|0|0|0|0]
90000108,Sword of Night and Flame [Flame Wave EX],400000024,450462,-1,-1,0.8,999,0,-0.5,0,0,10,15,15,15,10,0.1,0,0.1,1.2,0.6,0,0,0,0,0,0,-1,0,0,0,0,0,7,0,-60,20,0,0,0,0,0,0,0,0,10,0,0,254,254,254,254,1,1,0,0,0,0,0,0,1,0,1,0,0,1,0,0,0,1,0,0,0,0,0,0,0,0,0,0,0,-1,0,0,0,0,0,0,0,0,0,1,0,0,0,0,0,0,0,-1,0,-1,0,0,-1,-1,-1,-1,0,0,0,0,-1,0,0,-1,0,1,-1,[0|0|0|0|0|0|0|0]
90000109,Sword of Night and Flame [Flame Trail],400000028,524084,-1,-1,6,0,0.3,0,0,0,0,0,0,0,0,0,0,1,-1,0,0,0,1,0,0,0,-1,0,0,0,0,0,1,0,0,0,0,0,0,0,0,0,0,0,0,0,0,254,254,254,254,1,1,0,0,0,0,0,0,1,0,1,0,0,0,0,0,1,0,0,0,0,0,0,0,0,0,0,0,0,-1,0,0,0,0,2,0,0,0,0,0,0,0,0,0,0,0,0,-1,0,-1,0,0,476000020,-1,-1,-1,0,0,0,0,-1,0,0,-1,0,1,0,[0|0|0|0|0|0|0|0]
90000110,Sword of Night and Flame [FlmDiagSlashEX],400000024,-1,-1,-1,0.02,0,0,0,0,0,50,0,0,50,50,0,0,0.4,-1,0,0,0,2,0,0,0,90000111,0,0,0,0,0,16,0,-30,4,3,0,0,0,0,0,0,-25,30,0,0,3,11,1,6,1,0,0,0,0,0,0,0,1,0,1,0,0,0,0,0,0,0,0,0,0,0,0,0,0,0,0,0,0,-1,0,0,0,0,0,0,0,0,0,1,0,0,0,0,0,0,0,-1,0,-1,0,0,-1,-1,-1,-1,0,0,0,0,-1,0,0,-1,0,1,0,[0|0|0|0|0|0|0|0]
90000111,Sword of Night and Flame [FlmDiagSlashEX],400000024,524052,-1,-1,1.2,0.5,0,-0.2,-0.2,0,22,-5,-25,22,5,0.1,0,0.4,-1,0,0,0,2,0,0,0,-1,0,0,0,0,0,1,0,0,0,0,0,0,0,0,0,0,0,0,0,0,3,11,1,6,1,0,0,0,0,0,0,0,1,0,1,0,0,0,0,0,0,0,0,0,0,0,0,0,0,0,0,0,0,-1,0,0,0,0,0,0,0,0,0,1,0,0,0,0,0,0,0,-1,0,-1,0,0,-1,-1,-1,-1,0,0,0,0,-1,0,0,-1,0,1,0,[0|0|0|0|0|0|0|0]
90000112,Sword of Night and Flame [MagArrow],79980,526267,526268,-1,0.9,999,0,0,0,1,30,5,0,70,30,0.2,0,0.2,-1,0,0,0,0,0,0,0,90000113,0,0,0,0,0,1,20,0,0,0,0,0,0,0,0,0,0,30,0,0,3,0,0,6,0,0,0,0,0,0,0,0,0,1,0,0,0,1,0,0,1,1,0,0,0,0,0,0,0,0,0,0,0,-1,0,0,0,0,0,0,0,0,0,0,1,0,0,0,1,0,0,-1,0,-1,0,0,-1,-1,-1,-1,0,0,0,0,-1,0,0,-1,0,1,0,[0|0|0|0|0|0|0|0]
90000113,Sword of Night and Flame [MagArrow],400000022,526278,-1,-1,0.2,999,0,0,0,0,0,0,0,0,0,0,0,1,2,0.05,0,0,0,0,0,0,-1,0,0,0,0,0,1,0,0,0,0,0,0,0,0,0,0,0,0,0,0,3,0,0,6,0,0,0,5,0,0,0,0,1,1,0,0,0,0,0,0,1,0,0,0,0,0,0,0,0,0,0,0,0,-1,0,0,0,0,0,0,0,0,0,0,0,0,0,0,1,0,0,-1,0,-1,0,0,-1,-1,-1,-1,0,0,0,0,-1,0,0,-1,0,1,0,[0|0|0|0|0|0|0|0]
90000114,Sword of Night and Flame [Moonsplosion],400000029,523804,-1,-1,0.1,999,0,0,0,0,0,0.1,0,0,0,0,0,3,3,0,0,0,0,0,0,0,90000121,-1,0,0,0,0,1,0,0,0,0,0,0,0,0,0,0,0,30,0,0,254,254,254,254,1,1,0,0,0,0,0,0,1,0,1,0,0,0,0,0,1,0,0,0,0,0,0,0,0,0,0,0,0,-1,0,0,0,0,0,0,0,0,0,0,0,0,0,0,0,0,0,-1,0,-1,0,0,-1,-1,-1,-1,0,0,0,0,-1,0,0,-1,0,1,0,[0|0|0|0|0|0|0|0]
90000115,Sword of Night and Flame [Star Blast Random],-1,-1,-1,-1,1,99,0,0,0,0,10,0,0,10,0,0,0,0,0,0,0,0,0,0,0,0,-1,0,0,0,0,0,8,0,-180,45,0,0,0,0,0,0,0,0,0,0,0,254,254,254,254,0,0,0,0,0,0,0,0,1,0,0,0,0,0,0,1,0,0,0,0,0,0,0,0,0,0,0,0,0,90000116,0.05,0.15,0,0,0,0,0,0,0,0,1,0,0,0,0,0,0,-1,0,-1,0,0,-1,-1,-1,-1,0,0,0,0,-1,0,0,-1,0,0,0,[0|0|0|0|0|0|0|0]
90000116,Sword of Night and Flame [Star Blast Random],-1,-1,-1,-1,0.01,0,0,0,0,0,500,0,0,500,500,0,0,0,0,0,0,0,0,0,0,0,90000117,0,0,0,0,0,1,0,-30,0,0,0,0,0,0,0,0,45,0,0,0,254,254,254,254,0,0,0,0,0,0,0,0,1,0,0,0,0,1,0,0,1,1,0,0,0,0,0,0,0,0,0,0,0,-1,0,0,0,0,0,0,0,0,0,0,1,0,0,0,0,0,0,-1,0,-1,0,0,-1,-1,-1,-1,0,0,0,0,-1,0,0,-1,0,0,0,[0|0|0|0|0|0|0|0]
90000117,Sword of Night and Flame [Star Blast Random],-1,-1,-1,-1,0.2,0,0,0,0,0,200,0,0,200,200,0,0,0,0,0,0,0,0,0,0,0,-1,0,0,0,0,0,1,0,0,0,0,0,0,0,0,0,0,0,0,0,0,254,254,254,254,1,0,0,0,0,0,0,0,1,0,0,0,0,1,0,0,1,1,0,0,0,0,0,0,0,0,0,60,90,90000118,0.1,0.1,0,0,0,0,0,0,0,0,1,0,0,0,0,0,0,-1,0,-1,0,0,-1,-1,-1,-1,0,0,0,0,-1,0,0,-1,0,0,0,[0|0|0|0|0|0|0|0]
90000118,Sword of Night and Flame [Star Blast Random],-1,-1,523903,-1,0.01,5,0,0,0,0,1,0,0,1,1,0,0,0,0,0,0,0,0,0,0,0,90000119,0,0,0,0,0,1,0,150,0,0,0,0,0,0,0,0,0,0,0,0,254,254,254,254,0,0,0,0,0,0,0,0,1,0,0,0,0,1,0,0,1,1,0,0,0,0,0,0,0,0,0,0,0,-1,0,0,0,0,0,0,0,0,0,0,1,0,0,0,0,0,0,-1,0,-1,0,0,-1,-1,-1,-1,0,0,0,0,-1,0,0,-1,0,0,0,[0|0|0|0|0|0|0|0]
90000119,Sword of Night and Flame [Star Blast Random],400000027,523902,-1,-1,0.05,5,0,0,0,0,500,0,0,500,500,0,0,1,1,0.01,0,0,0,0,0,0,-1,0,0,0,0,0,1,0,0,0,0,0,0,0,0,0,0,0,0,0,0,254,254,254,254,0,0,0,0,0,0,0,0,1,0,0,0,0,1,0,0,1,1,0,0,0,0,0,0,0,0,0,60,0,-1,0,0,0,0,0,0,0,0,0,0,1,0,0,0,0,0,0,-1,0,-1,0,0,-1,-1,-1,-1,0,0,0,0,-1,0,0,-1,0,0,0,[0|0|0|0|0|0|0|0]
90000120,Sword of Night and Flame [InvMagAttk],400000022,-1,-1,-1,1,999,0,0,0,0,0,0.1,0,0,0,0,0,22,22,0,0,0,0.2,0,0,0,-1,-1,0,0,0,0,1,0,0,0,0,0,0,0,0,0,0,0,30,0,0,254,254,254,254,1,1,0,0,0,0,0,0,1,0,1,0,0,0,0,0,1,0,0,0,0,0,0,0,0,0,0,0,0,-1,0,0,0,0,0,0,0,0,0,0,0,0,0,0,0,0,0,-1,0,-1,0,0,-1,-1,-1,-1,0,0,0,0,-1,0,0,-1,0,1,0,[0|0|0|0|0|0|0|0]
90000121,Sword of Night and Flame [MagFlame],400000027,646043,-1,-1,3,0,0,0,0,0,0,0,0,0,0,0,0,6.5,-1,0,0,0,0.2,0,0,0,-1,0,0,0,0,0,1,0,0,0,0,0,0,0,0,0,0,0,0,0,0,254,254,254,254,1,1,0,0,0,0,0,1,1,0,1,0,0,0,0,0,0,0,0,0,0,0,0,0,0,0,0,0,0,-1,0,0,0,0,0,0,0,0,0,0,0,0,0,0,0,0,0,-1,0,-1,0,0,-1,-1,-1,-1,0,0,0,0,-1,0,0,-1,0,1,0,[0|0|0|0|0|0|0|0]
90000122,Sword of Night and Flame [Firesplosion],400000030,524083,-1,-1,0.2,999,0,0,0,0,0,0.1,0,0,0,0,0,3,3,0,0,0,0,0,0,0,90000129,-1,0,0,0,0,1,0,0,0,0,0,0,0,0,0,0,0,30,0,0,254,254,254,254,1,1,0,0,0,0,0,0,1,0,1,0,0,0,0,0,1,0,0,0,0,0,0,0,0,0,0,0,0,-1,0,0,0,0,0,0,0,0,0,0,0,0,0,0,0,0,0,-1,0,-1,0,0,-1,-1,-1,-1,0,0,0,0,-1,0,0,-1,0,1,0,[0|0|0|0|0|0|0|0]
90000123,Sword of Night and Flame [Fireball Random],-1,-1,-1,-1,1,99,0,0,0,0,10,0,0,10,0,0,0,0,0,0,0,0,0,0,0,0,-1,0,0,0,0,0,8,0,-180,45,0,0,0,0,0,0,0,0,0,0,0,254,254,254,254,0,0,0,0,0,0,0,0,1,0,0,0,0,0,0,1,0,0,0,0,0,0,0,0,0,0,0,0,0,90000124,0.05,0.15,0,0,0,0,0,0,0,0,1,0,0,0,0,0,0,-1,0,-1,0,0,-1,-1,-1,-1,0,0,0,0,-1,0,0,-1,0,0,0,[0|0|0|0|0|0|0|0]
90000124,Sword of Night and Flame [Fireball Random],-1,-1,-1,-1,0.01,0,0,0,0,0,500,0,0,500,500,0,0,0,0,0,0,0,0,0,0,0,90000125,0,0,0,0,0,1,0,-30,0,0,0,0,0,0,0,0,45,0,0,0,254,254,254,254,0,0,0,0,0,0,0,0,1,0,0,0,0,1,0,0,1,1,0,0,0,0,0,0,0,0,0,0,0,-1,0,0,0,0,0,0,0,0,0,0,1,0,0,0,0,0,0,-1,0,-1,0,0,-1,-1,-1,-1,0,0,0,0,-1,0,0,-1,0,0,0,[0|0|0|0|0|0|0|0]
90000125,Sword of Night and Flame [Fireball Random],-1,-1,-1,-1,0.2,0,0,0,0,0,200,0,0,200,200,0,0,0,0,0,0,0,0,0,0,0,-1,0,0,0,0,0,1,0,0,0,0,0,0,0,0,0,0,0,0,0,0,254,254,254,254,1,0,0,0,0,0,0,0,1,0,0,0,0,1,0,0,1,1,0,0,0,0,0,0,0,0,0,60,90,90000126,0.1,0.1,0,0,0,0,0,0,0,0,1,0,0,0,0,0,0,-1,0,-1,0,0,-1,-1,-1,-1,0,0,0,0,-1,0,0,-1,0,0,0,[0|0|0|0|0|0|0|0]
90000126,Sword of Night and Flame [Fireball Random],-1,-1,523903,-1,0.01,5,0,0,0,0,1,0,0,1,1,0,0,0,0,0,0,0,0,0,0,0,90000127,0,0,0,0,0,1,0,150,0,0,0,0,0,0,0,0,0,0,0,0,254,254,254,254,0,0,0,0,0,0,0,0,1,0,0,0,0,1,0,0,1,1,0,0,0,0,0,0,0,0,0,0,0,-1,0,0,0,0,0,0,0,0,0,0,1,0,0,0,0,0,0,-1,0,-1,0,0,-1,-1,-1,-1,0,0,0,0,-1,0,0,-1,0,0,0,[0|0|0|0|0|0|0|0]
90000127,Sword of Night and Flame [Fireball Random],-1,524007,-1,-1,0.05,5,0,0,0,0,500,0,0,500,500,0,0,1,1,0.01,0,0,0,0,0,0,-1,0,0,0,0,0,1,0,0,0,0,0,0,0,0,0,0,0,0,0,0,254,254,254,254,0,0,0,0,0,0,0,0,1,0,0,0,0,1,0,0,1,1,0,0,0,0,0,0,0,0,0,60,0,-1,0,0,0,0,0,0,0,0,0,0,1,0,0,0,0,0,0,-1,0,-1,0,0,-1,-1,-1,-1,0,0,0,0,-1,0,0,-1,0,0,0,[0|0|0|0|0|0|0|0]
90000128,Sword of Night and Flame [InvFirAttk],400000024,-1,-1,-1,1,999,0,0,0,0,0,0.1,0,0,0,0,0,22,22,0,0,0,0.2,0,0,0,-1,-1,0,0,0,0,1,0,0,0,0,0,0,0,0,0,0,0,30,0,0,254,254,254,254,1,1,0,0,0,0,0,0,1,0,1,0,0,0,0,0,1,0,0,0,0,0,0,0,0,0,0,0,0,-1,0,0,0,0,0,0,0,0,0,0,0,0,0,0,0,0,0,-1,0,-1,0,0,-1,-1,-1,-1,0,0,0,0,-1,0,0,-1,0,1,0,[0|0|0|0|0|0|0|0]
90000129,Sword of Night and Flame [Firegust],79981,-1,-1,-1,1,0,0.15,0,0,0,0,0,0,0,0,0,0,0.5,-1,0,0,0,1,0,0,0,90000130,0,0,0,0,0,12,0,0,0,0,0,0,0,0,0,0,0,0,0,0,254,254,254,254,0,0,0,0,0,1,0,0,0,0,1,0,0,0,0,0,1,0,0,0,0,0,0,0,0,0,0,0,0,-1,0,0,0,0,0,0,0,0,0,0,0,0,0,0,0,12,0,-1,0,-1,0,0,-1,-1,-1,-1,0,0,0,0,-1,0,0,-1,0,1,0,[0|0|0|0|0|0|0|0]
90000130,Sword of Night and Flame [Firegust],400000028,524084,-1,-1,3,0,0,0,0,0,0,0,0,0,0,0,0,0.5,-1,0,0,0,0.2,0,0,0,-1,0,0,0,0,0,1,0,0,0,0,0,0,0,0,0,0,0,0,0,0,254,254,254,254,1,1,0,0,0,0,0,0,1,0,1,0,0,0,0,0,1,0,0,0,0,0,0,0,0,0,0,0,0,-1,0,0,0,0,0,0,0,0,0,0,0,0,0,0,0,0,0,-1,0.6,-1,0,0,-1,-1,-1,-1,0,0,0,0,-1,0,0,-1,0,1,0,[0|0|0|0|0|0|0|0]
90000131,Sword of Night and Flame [FlmVertSlash],400000024,-1,-1,-1,0.02,0,0,0,0,0,50,0,0,50,50,0,0,0.4,-1,0,0,0,2,0,0,0,90000111,0,0,0,0,0,16,0,0,0,3,0,0,0,0,0,0,-10,30,0,0,3,11,1,6,1,0,0,0,0,0,0,0,1,0,1,0,0,0,0,0,0,0,0,0,0,0,0,0,0,0,0,0,0,-1,0,0,0,0,0,0,0,0,0,1,0,0,0,0,0,0,0,-1,0,-1,0,0,-1,-1,-1,-1,0,0,0,0,-1,0,0,-1,0,1,0,[0|0|0|0|0|0|0|0]
90000132,Sword of Night and Flame [Firesplosion2],400000024,524083,-1,-1,0.2,999,0,0,0,0,0,0.1,0,0,0,0,0,3,3,0,0,0,0,0,0,0,-1,-1,0,0,0,0,1,0,0,0,0,0,0,0,0,0,0,0,30,0,0,254,254,254,254,1,1,0,0,0,0,0,0,1,0,1,0,0,0,0,0,1,0,0,0,0,0,0,0,0,0,0,0,0,-1,0,0,0,0,0,0,0,0,0,0,0,0,0,0,0,0,0,-1,0,-1,0,0,-1,-1,-1,-1,0,0,0,0,-1,0,0,-1,0,1,0,[0|0|0|0|0|0|0|0]
90000133,Sword of Night and Flame [Moonsplosion2],400000022,523804,-1,-1,0.2,999,0,0,0,0,0,0.1,0,0,0,0,0,3,3,0,0,0,0,0,0,0,-1,-1,0,0,0,0,1,0,0,0,0,0,0,0,0,0,0,0,30,0,0,254,254,254,254,1,1,0,0,0,0,0,0,1,0,1,0,0,0,0,0,1,0,0,0,0,0,0,0,0,0,0,0,0,-1,0,0,0,0,0,0,0,0,0,0,0,0,0,0,0,0,0,-1,0,-1,0,0,-1,-1,-1,-1,0,0,0,0,-1,0,0,-1,0,1,0,[0|0|0|0|0|0|0|0]
90000134,Sword of Night and Flame [Sun],-1,524082,-1,-1,4.8,999,0,0,0,0,2,-5,0,2,0,0.1,0,0,0,0,0,0,0,0,0,0,-1,-1,0,0,0,0,1,0,90,0,0,0,0,0,0,0,0,45,30,0,0,254,254,254,254,1,1,0,0,0,0,0,0,1,0,0,0,0,0,0,0,1,0,0,0,0,0,0,0,0,0,0,0,0,90000137,0.1,0.2,0,0,0,41,0,0,0,0,0,0,0,0,0,0,0,-1,0,-1,0,0,-1,-1,-1,-1,0,0,0,0,-1,0,0,-1,0,1,0,[0|0|0|0|0|0|0|0]
90000135,Sword of Night and Flame [Moon],-1,523803,-1,-1,4.8,999,0,0,0,0,2,-5,0,2,0,0.1,0,0,0,0,0,0,0,0,0,0,-1,-1,0,0,0,0,1,0,-90,0,0,0,0,0,0,0,0,45,30,0,0,254,254,254,254,1,1,0,0,0,0,0,0,1,0,0,0,0,0,0,0,1,0,0,0,0,0,0,0,0,0,0,0,0,90000136,0.1,0.2,0,0,0,42,0,0,0,0,0,0,0,0,0,0,0,-1,0,-1,0,0,-1,-1,-1,-1,0,0,0,0,-1,0,0,-1,0,1,0,[0|0|0|0|0|0|0|0]
90000136,Sword of Night and Flame [Star Blast Weak3],400000029,523902,523903,-1,2,30,0,-1,0,2.7,40,5,0,45,40,0.1,0,0.4,-1,0,0,0,0.01,0,0,0,-1,0,0,0,0,0,1,360,0,0,0,0,0,0,0,0,0,0,45,0,0,254,254,254,254,0,0,0,0,0,0,0,0,0,0,0,0,0,1,0,0,1,1,0,1,0,0,1,0,0,0,0,25,35,-1,0,0,0,0,0,0,0,0,0,0,1,0,0,0,0,0,0,-1,0,-1,0,0,-1,-1,-1,-1,0,0,0,0,-1,0,0,-1,0,0,-1,[0|0|0|0|0|0|0|0]
90000137,Sword of Night and Flame [Fireball Weak3],400000030,524002,524003,-1,2,30,0,-1,0,2.7,40,5,0,45,40,0.1,0,0.4,-1,0,0,0,0.01,0,0,0,90000138,0,0,0,0,0,1,360,0,0,0,0,0,0,0,0,0,0,45,0,0,254,254,254,254,0,0,0,0,0,0,0,0,0,0,0,0,0,1,0,0,1,1,0,1,0,0,0,0,0,0,0,25,35,-1,0,0,0,0,0,0,0,0,0,1,0,0,0,0,1,0,0,-1,0,-1,0,0,-1,-1,-1,-1,0,0,0,0,-1,0,0,-1,0,1,0,[0|0|0|0|0|0|0|0]
90000138,Sword of Night and Flame [Fireball Weak3],-1,-1,-1,-1,0.1,0,0,0,0,0,0,0,0,0,0,0,0,1,-1,0,0,0,0.01,0,0,0,-1,0,0,0,0,0,1,0,0,0,0,0,0,0,0,0,0,0,0,0,0,254,254,254,254,1,1,0,5,0,0,0,0,1,0,0,0,0,0,0,0,1,0,0,0,0,0,0,0,0,0,0,0,0,-1,0,0,0,0,0,0,0,0,0,0,0,0,0,0,0,0,0,-1,0,-1,0,0,-1,-1,-1,-1,0,0,0,0,-1,0,0,-1,0,1,0,[0|0|0|0|0|0|0|0]
90000139,Sword of Night and Flame [Flame Wave2],400000024,-1,-1,-1,0.17,2,0,0,0,0,8,0,0,8,8,0,0,0.1,-1,0,0,0,1.5,0,0,0,90000089,0,0,0,0,0,4,0,-60,42,0,0,0,0,0,0,0,0,0,0,0,3,11,3,6,1,1,0,0,0,0,0,0,1,0,1,0,0,0,0,0,0,0,0,0,0,0,0,0,0,0,0,5,15,-1,0,0,0,0,0,0,0,0,0,0,0,0,0,0,1,0,0,-1,0,-1,0,0,-1,-1,-1,-1,0,0,0,0,-1,0,0,-1,0,1,0,[0|0|0|0|0|0|0|0]
90000140,Sword of Night and Flame [LilMagSplo],400000027,526278,-1,-1,0.1,999,0,0,0,0,0,0,0,0,0,0,0,1,2,0.05,0,0,0,0,0,0,-1,0,0,0,0,0,1,0,0,0,0,0,0,0,0,0,0,0,0,0,0,3,0,0,6,0,0,0,5,0,0,0,0,1,1,0,0,0,0,0,0,1,0,0,0,0,0,0,0,0,0,0,0,0,-1,0,0,0,0,0,0,0,0,0,0,0,0,0,0,1,0,0,-1,0,-1,0,0,-1,-1,-1,-1,0,0,0,0,-1,0,0,-1,0,1,0,[0|0|0|0|0|0|0|0]
90000141,Sword of Night and Flame [FlmVertSlash],400000026,-1,-1,-1,0.02,0,0,0,0,0,50,0,0,50,50,0,0,0.4,-1,0,0,0,2,0,0,0,90000100,0,0,0,0,0,16,0,0,0,10,0,0,0,0,0,0,-25,30,0,0,3,11,1,6,1,0,0,0,0,0,0,0,0,0,1,0,0,0,0,0,0,0,0,0,0,0,0,0,0,0,0,0,0,-1,0,0,0,0,0,0,0,0,0,1,0,0,0,0,0,0,0,-1,0,-1,0,0,-1,-1,-1,-1,0,0,0,0,-1,0,0,-1,0,1,0,[0|0|0|0|0|0|0|0]
90000142,Dragon Greatclaw [Spark],1,-1,-1,-1,0.1,30,0,999,0,0,90,0,0,90,90,0,0,-1,-1,0,0,0,0,0,0,0,-1,0,0,0,0,0,3,0,-70,70,0,0,0,0,0,0,0,0,0,0,0,254,254,254,254,1,1,0,2,0,0,1,0,1,0,0,0,0,1,0,0,1,1,0,0,0,0,0,0,0,0,0,0,0,90000143,0.06,0.06,0,0,0,0,0,0,0,1,0,0,0,0,0,0,0,-1,0,-1,0,0,-1,-1,-1,-1,0,0,0,0,-1,0,0,-1,0,1,0,[0|0|0|0|0|0|0|0]
90000143,Dragon Greatclaw [Spark],400000031,645131,-1,-1,0.5,30,0,0,0,0,0,0,0,0,0,0,0,2,2,0,0,0,2,0,0,0,-1,0,0,0,0,0,3,0,-75,75,0,0,0,0,0,0,0,0,0,0,0,254,254,254,254,1,1,0,2,0,0,1,0,1,0,0,0,0,1,0,0,1,1,0,0,0,0,0,0,0,0,0,0,0,-1,0,0,0,0,0,0,0,0,0,1,0,0,0,0,0,0,0,-1,0,-1,0,0,-1,-1,-1,-1,0,0,0,0,-1,0,0,-1,0,1,0,[0|0|0|0|0|0|0|0]
90000144,Dragon Greatclaw [SparkSlam],400000032,690001,-1,-1,0.5,6,0,0,0,0,0,0,0,0,0,0,0,0.1,3.5,0.06,0,0,99,0,0,0,-1,0,0,0,0,0,1,0,0,0,0,0,0,0,0,0,0,0,0,0,0,0,0,0,6,1,1,0,0,0,0,0,0,1,0,1,0,0,0,0,0,0,0,0,0,0,0,0,0,0,0,0,0,0,3250531,0.25,0.25,0,0,0,0,0,0,0,0,0,0,0,0,0,0,0,-1,0,-1,0,0,-1,-1,-1,-1,0,0,0,0,-1,0,0,-1,0,1,0,[0|0|0|0|0|0|0|0]
90000145,Dragon Greatclaw [SparkSlam2],400000033,690001,-1,-1,0.5,6,0,0,0,0,0,0,0,0,0,0,0,0.1,3.5,0.06,0,0,99,0,0,0,-1,0,0,0,0,0,1,0,0,0,0,0,0,0,0,0,0,0,0,0,0,0,0,0,6,1,1,0,0,0,0,0,0,1,0,1,0,0,0,0,0,0,0,0,0,0,0,0,0,0,0,0,0,0,3250531,0.25,0.25,0,0,0,0,0,0,0,0,0,0,0,0,0,0,0,-1,0,-1,0,0,-1,-1,-1,-1,0,0,0,0,-1,0,0,-1,0,1,0,[0|0|0|0|0|0|0|0]
90000146,Dragon Greatclaw [Wave],400000037,525583,-1,-1,0.05,0,0,0,0,0,0,0,0,0,0,0,0,2,-1,0,0,0,9999,0,0,0,90000147,0,0,0,0,0,1,0,0,0,0,0,0,0,0,0,0,0,0,0,0,254,254,254,254,1,1,0,5,0,0,0,0,1,0,1,0,0,0,0,0,1,0,0,0,0,0,0,0,0,0,0,0,0,-1,0,0,0,0,1,0,0,0,1,0,0,0,0,0,1,0,0,-1,0,-1,0,0,-1,-1,-1,-1,0,0,0,0,-1,0,0,-1,0,1,0,[0|0|0|0|0|0|0|0]
90000147,Dragon Greatclaw [Wave],400000037,-1,-1,-1,0.2,0,0,0,0,0,10,999,999,999,10,0.05,0,0.1,-1,0,0,0,9999,0,0,0,90000148,0,0,0,0,0,1,0,0,0,0,0,0,0,0,0,0,-35,0,0,0,254,254,254,254,1,1,0,0,0,2,0,0,0,0,1,0,0,0,0,0,1,0,0,0,0,0,0,0,0,0,0,5,0,-1,0,0,0,0,0,0,0,0,1,0,0,0,0,0,1,0,0,-1,0,-1,0,0,-1,-1,-1,-1,0,0,0,0,-1,0,0,-1,0,1,0,[0|0|0|0|0|0|0|0]
90000148,Dragon Greatclaw [Wave],400000037,525583,-1,-1,0.05,0,0,0,0,0,0,0,0,0,0,0,0,2,-1,0,0,0,9999,0,0,0,90000149,0,0,0,0,0,1,0,0,0,0,0,0,0,0,0,0,0,0,0,0,254,254,254,254,1,1,0,5,0,0,0,0,1,0,1,0,0,0,0,0,1,0,0,0,0,0,0,0,0,0,0,0,0,-1,0,0,0,0,1,0,0,0,1,0,0,0,0,0,1,0,0,-1,0,-1,0,0,-1,-1,-1,-1,0,0,0,0,-1,0,0,-1,0,1,0,[0|0|0|0|0|0|0|0]
90000149,Dragon Greatclaw [Wave],400000037,-1,-1,-1,0.2,0,0,0,0,0,10,999,999,999,10,0.05,0,0.1,-1,0,0,0,9999,0,0,0,90000150,0,0,0,0,0,1,0,0,0,0,0,0,0,0,0,0,-35,0,0,0,254,254,254,254,1,1,0,0,0,2,0,0,0,0,1,0,0,0,0,0,1,0,0,0,0,0,0,0,0,0,0,5,0,-1,0,0,0,0,0,0,0,0,1,0,0,0,0,0,1,0,0,-1,0,-1,0,0,-1,-1,-1,-1,0,0,0,0,-1,0,0,-1,0,1,0,[0|0|0|0|0|0|0|0]
90000150,Dragon Greatclaw [Wave],400000037,525583,-1,-1,0.05,0,0,0,0,0,0,0,0,0,0,0,0,2,-1,0,0,0,9999,0,0,0,90000151,0,0,0,0,0,1,0,0,0,0,0,0,0,0,0,0,0,0,0,0,254,254,254,254,1,1,0,5,0,0,0,0,1,0,1,0,0,0,0,0,1,0,0,0,0,0,0,0,0,0,0,0,0,-1,0,0,0,0,1,0,0,0,1,0,0,0,0,0,1,0,0,-1,0,-1,0,0,-1,-1,-1,-1,0,0,0,0,-1,0,0,-1,0,1,0,[0|0|0|0|0|0|0|0]
90000151,Dragon Greatclaw [Wave],400000037,-1,-1,-1,0.2,0,0,0,0,0,10,999,999,999,10,0.05,0,0.1,-1,0,0,0,9999,0,0,0,90000152,0,0,0,0,0,1,0,0,0,0,0,0,0,0,0,0,-35,0,0,0,254,254,254,254,1,1,0,0,0,2,0,0,0,0,1,0,0,0,0,0,1,0,0,0,0,0,0,0,0,0,0,5,0,-1,0,0,0,0,0,0,0,0,1,0,0,0,0,0,1,0,0,-1,0,-1,0,0,-1,-1,-1,-1,0,0,0,0,-1,0,0,-1,0,1,0,[0|0|0|0|0|0|0|0]
90000152,Dragon Greatclaw [Wave],400000037,525583,-1,-1,0.05,0,0,0,0,0,0,0,0,0,0,0,0,2,-1,0,0,0,9999,0,0,0,90000153,0,0,0,0,0,1,0,0,0,0,0,0,0,0,0,0,0,0,0,0,254,254,254,254,1,1,0,5,0,0,0,0,1,0,1,0,0,0,0,0,1,0,0,0,0,0,0,0,0,0,0,0,0,-1,0,0,0,0,1,0,0,0,1,0,0,0,0,0,1,0,0,-1,0,-1,0,0,-1,-1,-1,-1,0,0,0,0,-1,0,0,-1,0,1,0,[0|0|0|0|0|0|0|0]
90000153,Dragon Greatclaw [Wave],400000037,-1,-1,-1,0.2,0,0,0,0,0,10,999,999,999,10,0.05,0,0.1,-1,0,0,0,9999,0,0,0,90000154,0,0,0,0,0,1,0,0,0,0,0,0,0,0,0,0,-35,0,0,0,254,254,254,254,1,1,0,0,0,2,0,0,0,0,1,0,0,0,0,0,1,0,0,0,0,0,0,0,0,0,0,5,0,-1,0,0,0,0,0,0,0,0,1,0,0,0,0,0,1,0,0,-1,0,-1,0,0,-1,-1,-1,-1,0,0,0,0,-1,0,0,-1,0,1,0,[0|0|0|0|0|0|0|0]
90000154,Dragon Greatclaw [Wave],400000037,525583,-1,-1,0.05,0,0,0,0,0,0,0,0,0,0,0,0,2,-1,0,0,0,9999,0,0,0,90000155,0,0,0,0,0,1,0,0,0,0,0,0,0,0,0,0,0,0,0,0,254,254,254,254,1,1,0,5,0,0,0,0,1,0,1,0,0,0,0,0,1,0,0,0,0,0,0,0,0,0,0,0,0,-1,0,0,0,0,1,0,0,0,1,0,0,0,0,0,1,0,0,-1,0,-1,0,0,-1,-1,-1,-1,0,0,0,0,-1,0,0,-1,0,1,0,[0|0|0|0|0|0|0|0]
90000155,Dragon Greatclaw [Wave],400000037,-1,-1,-1,0.2,0,0,0,0,0,10,999,999,999,10,0.05,0,0.1,-1,0,0,0,9999,0,0,0,90000156,0,0,0,0,0,1,0,0,0,0,0,0,0,0,0,0,-35,0,0,0,254,254,254,254,1,1,0,0,0,2,0,0,0,0,1,0,0,0,0,0,1,0,0,0,0,0,0,0,0,0,0,5,0,-1,0,0,0,0,0,0,0,0,1,0,0,0,0,0,1,0,0,-1,0,-1,0,0,-1,-1,-1,-1,0,0,0,0,-1,0,0,-1,0,1,0,[0|0|0|0|0|0|0|0]
90000156,Dragon Greatclaw [Wave],400000037,525583,-1,-1,0.05,0,0,0,0,0,0,0,0,0,0,0,0,2,-1,0,0,0,9999,0,0,0,90000157,0,0,0,0,0,1,0,0,0,0,0,0,0,0,0,0,0,0,0,0,254,254,254,254,1,1,0,5,0,0,0,0,1,0,1,0,0,0,0,0,1,0,0,0,0,0,0,0,0,0,0,0,0,-1,0,0,0,0,1,0,0,0,1,0,0,0,0,0,1,0,0,-1,0,-1,0,0,-1,-1,-1,-1,0,0,0,0,-1,0,0,-1,0,1,0,[0|0|0|0|0|0|0|0]
90000157,Dragon Greatclaw [Wave],400000037,-1,-1,-1,0.2,0,0,0,0,0,10,999,999,999,10,0.05,0,0.1,-1,0,0,0,9999,0,0,0,90000158,0,0,0,0,0,1,0,0,0,0,0,0,0,0,0,0,-35,0,0,0,254,254,254,254,1,1,0,0,0,2,0,0,0,0,1,0,0,0,0,0,1,0,0,0,0,0,0,0,0,0,0,5,0,-1,0,0,0,0,0,0,0,0,1,0,0,0,0,0,1,0,0,-1,0,-1,0,0,-1,-1,-1,-1,0,0,0,0,-1,0,0,-1,0,1,0,[0|0|0|0|0|0|0|0]
90000158,Dragon Greatclaw [Wave],400000037,525583,-1,-1,0.05,0,0,0,0,0,0,0,0,0,0,0,0,2,-1,0,0,0,9999,0,0,0,-1,0,0,0,0,0,1,0,0,0,0,0,0,0,0,0,0,0,0,0,0,254,254,254,254,1,1,0,5,0,0,0,0,1,0,1,0,0,0,0,0,1,0,0,0,0,0,0,0,0,0,0,0,0,-1,0,0,0,0,1,0,0,0,1,0,0,0,0,0,1,0,0,-1,0,-1,0,0,-1,-1,-1,-1,0,0,0,0,-1,0,0,-1,0,1,0,[0|0|0|0|0|0|0|0]
90000159,Dragon Greatclaw [Wave3],1,-1,-1,-1,0.1,30,0,999,0,0,80,0,0,80,80,0,0,-1,-1,0,0,0,0,0,0,0,-1,0,0,0,0,0,3,0,-65,65,0,0,0,0,0,0,0,0,0,0,0,254,254,254,254,1,1,0,2,0,0,1,0,1,0,0,0,0,1,0,0,1,1,0,0,0,0,0,0,0,0,0,0,0,90000146,0.05,0.05,0,0,0,0,0,0,0,1,0,0,0,0,0,0,0,-1,0,-1,0,0,-1,-1,-1,-1,0,0,0,0,-1,0,0,-1,0,1,0,[0|0|0|0|0|0|0|0]
90000160,Dragon Greatclaw [Spear],400000034,525512,-1,-1,0.4,30,0,0,0,0,50,0,0,50,50,0,0,0.2,-1,0,0,0,1,0,0,0,90000161,0,0,0,0,0,1,0,0,0,0,0,0,0,0,0,0,-60,20,0,0,254,254,254,254,1,1,0,0,0,0,0,0,0,0,1,0,0,0,0,0,1,0,0,0,0,0,0,0,0,0,0,0,0,-1,0,0,0,0,0,0,0,0,0,0,0,0,0,0,1,0,0,-1,0,-1,0,0,-1,-1,-1,-1,0,0,0,0,-1,0,0,-1,0,1,0,[0|0|0|0|0|0|0|0]
90000161,Dragon Greatclaw [Spear],400000035,525513,-1,-1,0.05,999,0,0,0,0,0,0,0,0,0,0,0,3,3,0,0,0,1,0,0,0,-1,0,0,0,0,0,1,0,0,0,0,0,0,0,0,0,0,0,0,0,0,254,254,254,254,1,1,0,5,0,0,0,0,1,0,1,0,0,0,0,0,1,0,0,0,0,0,0,0,0,0,0,0,0,90000162,0.025,0.025,0,0,1,0,0,0,0,0,0,0,0,0,1,0,0,-1,0,-1,0,0,-1,-1,-1,-1,0,0,0,0,-1,0,0,-1,0,1,0,[0|0|0|0|0|0|0|0]
90000162,Dragon Greatclaw [Wave4],1,-1,-1,-1,0.1,30,0,999,0,0,80,0,0,80,80,0,0,-1,-1,0,0,0,0,0,0,0,-1,0,0,0,0,0,4,0,0,90,0,0,0,0,0,0,0,0,0,0,0,254,254,254,254,1,1,0,2,0,0,1,0,1,0,0,0,0,1,0,0,1,1,0,0,0,0,0,0,0,0,0,0,0,90000146,0.05,0.05,0,0,0,0,0,0,0,1,0,0,0,0,0,0,0,-1,0,-1,0,0,-1,-1,-1,-1,0,0,0,0,-1,0,0,-1,0,1,0,[0|0|0|0|0|0|0|0]
90000163,Dragon Greatclaw [Storm],0,-1,-1,-1,0.08,0,0,0,0,0,50,0,0,50,50,0,0,0.1,-1,0,0,0,0.3,0,0,0,90000165,0,0,0,0,0,1,15,0,0,0,0,0,0,0,0,0,70,0,0,0,254,254,254,254,1,1,0,0,0,0,0,0,0,0,1,0,0,0,0,0,1,0,0,0,0,0,0,0,0,0,-20,0,0,-1,0,0,0,0,0,0,0,0,0,0,0,0,0,0,0,0,0,-1,0,-1,0,0,-1,-1,-1,-1,0,0,0,0,-1,0,0,-1,0,1,0,[0|0|0|0|0|0|0|0]
90000165,Dragon Greatclaw [Storm],0,-1,-1,-1,0.12,999,0,0,0,0,50,0,0,50,50,0,0,0.1,-1,0,0,0,0.3,0,0,0,90000166,0,0,0,0,0,3,0,-25,25,0,0,0,0,0,0,0,0,180,0,0,254,254,254,254,1,1,0,0,0,0,0,0,0,0,1,0,0,0,0,0,1,0,0,0,0,0,0,0,0,0,0,0,0,90000172,0.05,0.05,0,0,1,0,0,0,0,0,0,0,0,0,0,0,0,-1,0,-1,0,0,-1,-1,-1,-1,0,0,0,0,-1,0,0,-1,0,1,0,[0|0|0|0|0|0|0|0]
90000166,Dragon Greatclaw [Storm],0,-1,-1,-1,0.08,999,0,0,0,0,50,0,0,50,50,0,0,0.1,-1,0,0,0,0.3,0,0,0,90000167,0,0,0,0,0,1,0,50,30,0,0,0,0,0,0,0,0,0,0,0,254,254,254,254,1,1,0,0,0,0,0,0,0,0,1,0,0,0,0,0,1,0,0,0,0,0,0,0,0,0,0,0,0,90000172,0.05,0.05,0,0,1,0,0,0,0,0,0,0,0,0,0,0,0,-1,0,-1,0,0,-1,-1,-1,-1,0,0,0,0,-1,0,0,-1,0,1,0,[0|0|0|0|0|0|0|0]
90000167,Dragon Greatclaw [Storm],0,-1,-1,-1,0.14,999,0,0,0,0,50,0,0,50,50,0,0,0.1,-1,0,0,0,0.3,0,0,0,90000168,0,0,0,0,0,1,0,-100,30,0,0,0,0,0,0,0,0,0,0,0,254,254,254,254,1,1,0,0,0,0,0,0,0,0,1,0,0,0,0,0,1,0,0,0,0,0,0,0,0,0,0,0,0,90000172,0.05,0.05,0,0,1,0,0,0,0,0,0,0,0,0,0,0,0,-1,0,-1,0,0,-1,-1,-1,-1,0,0,0,0,-1,0,0,-1,0,1,0,[0|0|0|0|0|0|0|0]
90000168,Dragon Greatclaw [Storm],0,-1,-1,-1,0.16,999,0,0,0,0,50,0,0,50,50,0,0,0.1,-1,0,0,0,0.3,0,0,0,90000169,0,0,0,0,0,1,0,110,30,0,0,0,0,0,0,0,0,0,0,0,254,254,254,254,1,1,0,0,0,0,0,0,0,0,1,0,0,0,0,0,1,0,0,0,0,0,0,0,0,0,0,0,0,90000172,0.05,0.05,0,0,1,0,0,0,0,0,0,0,0,0,0,0,0,-1,0,-1,0,0,-1,-1,-1,-1,0,0,0,0,-1,0,0,-1,0,1,0,[0|0|0|0|0|0|0|0]
90000169,Dragon Greatclaw [Storm],0,-1,-1,-1,0.14,999,0,0,0,0,50,0,0,50,50,0,0,0.1,-1,0,0,0,0.3,0,0,0,-1,0,0,0,0,0,1,0,-125,30,0,0,0,0,0,0,0,0,0,0,0,254,254,254,254,1,1,0,0,0,0,0,0,0,0,1,0,0,0,0,0,1,0,0,0,0,0,0,0,0,0,0,0,0,90000172,0.05,0.05,0,0,1,0,0,0,0,0,0,0,0,0,0,0,0,-1,0,-1,0,0,-1,-1,-1,-1,0,0,0,0,-1,0,0,-1,0,1,0,[0|0|0|0|0|0|0|0]
90000172,Dragon Greatclaw [Storm],0,-1,-1,-1,2,0,0,999,0,0,0,0,0,999,999,0,0,0.1,-1,0,0,0,0.5,0,0,0,90000173,0,0,0,0,0,1,0,-40,30,0,0,0,0,0,0,0,0,0,0,0,254,254,254,254,1,1,0,0,0,0,0,0,0,0,1,0,0,0,0,0,1,0,0,0,0,0,0,0,0,0,0,0,0,-1,0,0,0,0,1,0,0,0,0,0,0,0,0,0,0,0,0,-1,0,-1,0,0,-1,-1,-1,-1,0,0,0,0,-1,0,0,-1,0,1,0,[0|0|0|0|0|0|0|0]
90000173,Dragon Greatclaw [Storm],0,632507,-1,-1,0.5,0,0,0,0,0,0,0,0,0,0,0,0,0.1,-1,0,0,0,0.5,0,0,0,90000174,0,0,0,0,0,1,0,0,0,0,0,0,0,0,0,0,0,0,0,0,254,254,254,254,1,1,0,0,0,0,0,0,1,0,1,0,0,0,0,0,1,0,0,0,0,0,0,0,0,0,0,0,0,-1,0,0,0,0,1,0,0,0,0,0,0,0,0,0,0,0,0,-1,0,-1,0,0,-1,-1,-1,-1,0,0,0,0,-1,0,0,-1,0,1,0,[0|0|0|0|0|0|0|0]
90000174,Dragon Greatclaw [Storm],400000037,525537,-1,-1,0.05,0,0,0,0,0,0,0,0,0,0,0,0,1.5,-1,0,0,0,99,0,0,0,90000175,0,0,0,0,0,1,0,0,0,0,0,0,0,0,0,0,0,0,0,0,254,254,254,254,1,1,0,0,0,0,0,0,1,0,1,0,0,0,0,0,1,0,0,0,0,0,0,0,0,0,0,0,0,-1,0,0,0,0,0,0,0,0,0,0,0,0,0,0,1,0,0,-1,0,-1,0,0,-1,-1,-1,-1,0,0,0,0,-1,0,0,-1,0,1,0,[0|0|0|0|0|0|0|0]
90000175,Dragon Greatclaw [Storm],400000037,-1,-1,-1,0.1,10,0,0,0,0,150,0,0,150,150,0,0,0.3,-1,0,0,0,99,0,0,0,-1,0,0,0,0,0,1,0,0,0,0,0,0,0,0,0,0,89,0,0,0,254,254,254,254,0,0,0,0,0,2,0,0,0,0,1,0,0,0,0,0,1,0,0,0,0,0,0,0,0,0,0,0,0,90000176,0.06,0.06,0,0,0,0,0,0,0,0,0,0,0,0,0,0,0,-1,0,-1,0,0,-1,-1,-1,-1,0,0,0,0,-1,0,0,-1,0,1,0,[0|0|0|0|0|0|0|0]
90000176,Dragon Greatclaw [Storm],0,-1,-1,-1,0.1,10,0,999,999,0,10,0,0,999,999,0,0,0.1,-1,0,0,0,0.5,0,0,0,90000177,0,0,0,0,0,1,0,0,0,0,0,0,0,0,0,0,0,0,0,0,254,254,254,254,1,1,0,2,0,0,0,0,0,0,1,0,0,0,0,0,0,0,0,0,0,0,0,0,0,0,0,0,0,-1,0,0,0,0,0,0,0,0,0,0,0,0,0,0,0,0,0,-1,0,-1,0,0,-1,-1,-1,-1,0,0,0,0,-1,0,0,-1,0,1,0,[0|0|0|0|0|0|0|0]
90000177,Dragon Greatclaw [Storm],0,-1,-1,-1,0.1,0,0,0,0,0,0,0,0,0,0,0,0,1,-1,0,0,0,0.5,0,0,0,90000178,0,0,0,0,0,1,0,0,0,0,0,0,0,0,0,0,0,0,0,0,254,254,254,254,1,1,0,2,0,0,0,0,0,0,1,0,0,0,0,0,0,0,0,0,0,0,0,0,0,0,0,0,0,-1,0,0,0,0,0,0,0,0,0,0,0,0,0,0,0,0,0,-1,0,-1,0,0,-1,-1,-1,-1,0,0,0,0,-1,0,0,-1,0,1,0,[0|0|0|0|0|0|0|0]
90000178,Dragon Greatclaw [Storm],400000037,-1,525533,-1,0.2,0.2,0,80,150,0,15,0,0,15,0,0,0,0.5,-1,0,0,0,99,0,0,0,90000179,0,0,0,0,0,6,0,0,60,0,0,0,0,0,0,0,0,0,0,0,254,254,254,254,1,1,0,2,0,2,0,0,0,0,1,0,0,0,0,0,0,0,0,0,0,0,0,0,0,0,0,0,0,-1,0,0,0,0,1,0,0,0,0,0,0,0,0,0,0,0,0,-1,0,-1,0,0,-1,-1,-1,-1,0,0,0,0,-1,0,0,-1,0,1,0,[0|0|0|0|0|0|0|0]
90000179,Dragon Greatclaw [Storm],400000037,-1,525533,-1,0.2,0.2,0,80,150,0,15,0,0,15,0,0,0,0.5,-1,0,0,0,99,0,0,0,-1,0,0,0,0,0,1,0,0,0,0,0,0,0,0,0,0,0,0,0,0,254,254,254,254,1,1,0,0,0,2,0,0,0,0,1,0,0,0,0,0,0,0,0,0,0,0,0,0,0,0,0,0,0,-1,0,0,0,0,1,0,0,0,0,0,0,0,0,0,0,0,0,-1,0,-1,0,0,-1,-1,-1,-1,0,0,0,0,-1,0,0,-1,0,1,0,[0|0|0|0|0|0|0|0]
90000180,Dragon Greatclaw [StormArea],3250550,632507,-1,-1,0.5,0,0,0,0,0,0,0,0,0,0,0,0,0.1,-1,0,0,0,0,0,0,0,90000181,0,0,0,0,0,16,0,0,0,0,0,0,0,0,0,0,0,0,0,0,254,254,254,254,1,1,0,0,0,1,0,0,1,0,0,0,0,0,0,0,0,0,0,0,0,0,0,0,0,0,0,0,0,-1,0,0,0,0,0,0,0,0,0,0,0,0,0,0,0,20,0,-1,1,-1,0,0,-1,-1,-1,-1,0,0,0,0,-1,0,0,-1,0,1,0,[0|0|0|0|0|0|0|0]
90000181,Dragon Greatclaw [StormArea],400000031,525537,-1,-1,0.1,0,0,0,0,0,0,0,0,0,0,0,0,0.1,1.5,0.06,0,0,0,0,0,0,90000182,0,0,0,0,0,1,0,0,0,0,0,0,0,0,0,0,0,0,0,0,254,254,254,254,1,1,0,0,0,0,0,0,1,0,0,0,0,0,0,0,0,0,0,0,0,0,0,0,0,0,0,0,0,-1,0,0,0,0,1,0,0,0,0,0,0,0,0,0,0,0,0,-1,0,-1,0,0,-1,-1,-1,-1,0,0,0,0,-1,0,0,-1,0,1,0,[0|0|0|0|0|0|0|0]
90000182,Dragon Greatclaw [StormArea],400000031,-1,-1,-1,0.15,0,0,0,0,0,40,0,0,40,40,0,0,1.5,-1,0,0,0,0,0,0,0,-1,0,0,0,0,0,1,0,0,0,0,0,0,0,0,0,0,90,0,0,0,254,254,254,254,1,1,0,0,0,0,0,0,1,0,0,0,0,0,0,0,0,0,0,0,0,0,0,0,0,0,0,0,0,-1,0,0,0,0,0,0,0,0,0,0,0,0,0,0,0,0,0,-1,0,-1,0,0,-1,-1,-1,-1,0,0,0,0,-1,0,0,-1,0,1,0,[0|0|0|0|0|0|0|0]
90000183,Dragon Greatclaw [GiantStrike],400000039,645203,-1,-1,0.15,0,0,0,0,0,0,0,0,0,0,0,0,4.5,4.5,0,0,0,0,0,0,0,-1,0,0,0,0,0,1,0,0,0,0,0,0,0,0,0,0,0,0,0,0,254,254,254,254,1,1,0,0,0,0,0,1,1,0,1,0,0,0,0,0,0,0,0,0,0,0,0,0,0,0,0,0,0,-1,0,0,0,0,1,0,0,0,0,0,0,0,0,0,0,0,0,-1,0,-1,0,0,-1,-1,-1,-1,0,0,0,0,-1,0,0,-1,0,1,0,[0|0|0|0|0|0|0|0]
90000184,Dragon Greatclaw [SparkSlam3],400000038,632518,-1,-1,0.3,999,0,0,0,0,0,0,0,0,0,0,0,3,13,0.3,0,0,0,0,0,0,-1,0,0,0,0,0,1,0,0,0,0,0,0,0,0,0,0,0,0,0,0,254,254,254,254,1,1,0,0,0,0,0,1,1,0,0,0,0,0,0,0,0,0,0,0,0,1,0,0,0,0,0,0,0,-1,0,0,0,0,1,0,0,0,0,0,0,0,0,0,0,0,0,-1,0,-1,0,0,-1,-1,-1,-1,0,0,0,0,-1,0,0,-1,0,1,0,[0|0|0|0|0|0|0|0]
90000185,Dragon Greatclaw [StormCircle],0,-1,-1,-1,0.1,12,0,0,0,0,0,0,0,0,0,0,0,0.1,-1,0,0,0,0.4,0,0,0,90000186,0,0,0,0,0,6,0,30,60,0,0,0,0,0,0,0,40,0,0,0,254,254,254,254,1,1,0,0,0,0,0,0,1,0,1,0,0,0,0,0,1,0,0,0,0,0,0,0,0,0,0,0,0,-1,0,0,0,0,0,0,0,0,0,0,0,0,0,0,0,0,0,-1,0,-1,0,0,-1,-1,-1,-1,0,0,0,0,-1,0,0,-1,0,1,0,[0|0|0|0|0|0|0|0]
90000186,Dragon Greatclaw [StormCircle],0,-1,-1,-1,0.3,12,0,0,0,0,10,0,0,10,10,0,0,0.1,-1,0,0,0,0.3,0,0,0,90000187,0,0,0,0,0,1,0,0,0,0,0,0,0,0,0,0,60,0,0,0,254,254,254,254,1,1,0,0,0,2,0,0,0,0,1,0,0,0,0,0,1,0,0,0,0,0,0,0,0,0,0,0,0,90000195,0.15,0.25,0,0.05,0,0,0,0,0,0,0,0,0,0,0,0,0,-1,0,-1,0,0,-1,-1,-1,-1,0,0,0,0,-1,0,0,-1,0,1,0,[0|0|0|0|0|0|0|0]
90000187,Dragon Greatclaw [StormCircle],0,-1,-1,-1,0.3,12,0,0,0,0,10,0,0,10,10,0,0,0.1,-1,0,0,0,0.3,0,0,0,90000188,0,0,0,0,0,1,0,30,0,0,0,0,0,0,0,0,0,0,0,0,254,254,254,254,1,1,0,0,0,5,0,0,0,0,1,0,0,0,0,0,1,0,0,0,0,0,0,0,0,0,0,45,0,90000195,0.15,0.25,0,0,1,0,0,0,0,0,0,0,0,0,0,0,0,-1,0.1,-1,0,0,-1,-1,-1,-1,0,0,0,0,-1,0,0,-1,0,1,0,[0|0|0|0|0|0|0|0]
90000188,Dragon Greatclaw [StormCircle],0,-1,-1,-1,0.3,12,0,0,0,0,10,0,0,10,10,0,0,0.1,-1,0,0,0,0.3,0,0,0,90000189,0,0,0,0,0,1,0,-30,0,0,0,0,0,0,0,0,0,0,0,0,254,254,254,254,1,1,0,0,0,5,0,0,0,0,1,0,0,0,0,0,1,0,0,0,0,0,0,0,0,0,0,45,0,90000195,0.15,0.25,0,0,1,0,0,0,0,0,0,0,0,0,0,0,0,-1,0.1,-1,0,0,-1,-1,-1,-1,0,0,0,0,-1,0,0,-1,0,1,0,[0|0|0|0|0|0|0|0]
90000189,Dragon Greatclaw [StormCircle],0,-1,-1,-1,0.3,12,0,0,0,0,10,0,0,10,10,0,0,0.1,-1,0,0,0,0.3,0,0,0,90000190,0,0,0,0,0,1,0,30,0,0,0,0,0,0,0,0,0,0,0,0,254,254,254,254,1,1,0,0,0,5,0,0,0,0,1,0,0,0,0,0,1,0,0,0,0,0,0,0,0,0,0,45,0,90000195,0.15,0.25,0,0,1,0,0,0,0,0,0,0,0,0,0,0,0,-1,0.1,-1,0,0,-1,-1,-1,-1,0,0,0,0,-1,0,0,-1,0,1,0,[0|0|0|0|0|0|0|0]
90000190,Dragon Greatclaw [StormCircle],0,-1,-1,-1,0.3,12,0,0,0,0,10,0,0,10,10,0,0,0.1,-1,0,0,0,0.3,0,0,0,-1,0,0,0,0,0,1,0,-30,0,0,0,0,0,0,0,0,0,0,0,0,254,254,254,254,1,1,0,0,0,5,0,0,0,0,1,0,0,0,0,0,1,0,0,0,0,0,0,0,0,0,0,45,0,90000195,0.15,0.25,0,0,1,0,0,0,0,0,0,0,0,0,0,0,0,-1,0.1,-1,0,0,-1,-1,-1,-1,0,0,0,0,-1,0,0,-1,0,1,0,[0|0|0|0|0|0|0|0]
90000195,Dragon Greatclaw [StormCircle],0,-1,-1,-1,0.1,10,0,999,999,0,10,0,0,999,999,0,0,0.1,-1,0,0,0,0.5,0,0,0,90000196,0,0,0,0,0,1,0,0,0,0,0,0,0,0,0,0,-89,0,0,0,254,254,254,254,1,1,0,0,0,0,0,0,0,0,1,0,0,0,0,0,1,0,0,0,0,0,0,0,0,0,0,0,0,-1,0,0,0,0,0,0,0,0,0,0,0,0,0,0,1,0,0,-1,0,-1,0,0,-1,-1,-1,-1,0,0,0,0,-1,0,0,-1,0,1,0,[0|0|0|0|0|0|0|0]
90000196,Dragon Greatclaw [StormCircle],400000038,525532,-1,-1,0.06,10,0,0,0,0,0,0,0,0,0,0,0,1.3,-1,0,0,0,0.5,0,0,0,90000197,0,0,0,0,0,1,0,0,0,0,0,0,0,0,0,0,0,30,0,0,254,254,254,254,1,1,0,5,0,0,0,0,1,0,1,0,0,0,0,0,1,0,0,0,0,0,0,0,0,0,0,0,0,-1,0,0,0,0,1,0,0,0,0,0,0,0,0,0,0,0,0,-1,0,-1,0,0,-1,-1,-1,-1,0,0,0,0,-1,0,0,-1,0,1,0,[0|0|0|0|0|0|0|0]
90000197,Dragon Greatclaw [StormCircle],400000038,-1,-1,-1,0.1,10,0,0,0,0,150,0,0,150,150,0,0,0.3,-1,0,0,0,0.5,0,0,0,-1,0,0,0,0,0,1,0,0,0,0,0,0,0,0,0,0,89,0,0,0,254,254,254,254,1,1,0,0,0,2,0,0,0,0,1,0,0,0,0,0,1,0,0,0,0,0,0,0,0,0,0,0,0,90000198,0.06,0.06,0,0,0,0,0,0,0,0,0,0,0,0,0,0,0,-1,0,-1,0,0,-1,-1,-1,-1,0,0,0,0,-1,0,0,-1,0,1,0,[0|0|0|0|0|0|0|0]
90000198,Dragon Greatclaw [StormCircle],1,-1,-1,-1,0.1,10,0,999,999,0,10,0,0,999,999,0,0,0.1,-1,0,0,0,0.5,0,0,0,90000199,0,0,0,0,0,1,0,0,0,0,0,0,0,0,0,0,0,0,0,0,254,254,254,254,1,1,0,2,0,0,0,0,0,0,1,0,0,0,0,0,0,0,0,0,0,0,0,0,0,0,0,0,0,-1,0,0,0,0,0,0,0,0,0,0,0,0,0,0,0,0,0,-1,0,-1,0,0,-1,-1,-1,-1,0,0,0,0,-1,0,0,-1,0,1,0,[0|0|0|0|0|0|0|0]
90000199,Dragon Greatclaw [StormCircle],0,-1,-1,-1,0.1,0,0,0,0,0,0,0,0,0,0,0,0,1,-1,0,0,0,0.5,0,0,0,90000200,0,0,0,0,0,1,0,0,0,0,0,0,0,0,0,0,0,0,0,0,254,254,254,254,1,1,0,2,0,0,0,0,0,0,1,0,0,0,0,0,0,0,0,0,0,0,0,0,0,0,0,0,0,-1,0,0,0,0,0,0,0,0,0,0,0,0,0,0,0,0,0,-1,0,-1,0,0,-1,-1,-1,-1,0,0,0,0,-1,0,0,-1,0,1,0,[0|0|0|0|0|0|0|0]
90000200,Dragon Greatclaw [StormCircle],400000038,-1,525533,-1,0.2,0.2,0,80,150,0,15,0,0,15,0,0,0,0.5,-1,0,0,0,0.5,0,0,0,90000201,0,0,0,0,0,3,0,0,130,0,0,0,0,0,0,0,0,0,0,0,254,254,254,254,1,1,0,2,0,2,0,0,0,0,1,0,0,0,0,0,0,0,0,0,0,0,0,0,0,0,0,0,0,-1,0,0,0,0,1,0,0,0,0,0,0,0,0,0,0,0,0,-1,0,-1,0,0,-1,-1,-1,-1,0,0,0,0,-1,0,0,-1,0,1,0,[0|0|0|0|0|0|0|0]
90000201,Dragon Greatclaw [StormCircle],400000038,-1,525533,-1,0.2,0.2,0,80,150,0,15,0,0,15,0,0,0,0.5,-1,0,0,0,0.5,0,0,0,-1,0,0,0,0,0,1,0,0,0,0,0,0,0,0,0,0,0,0,0,0,254,254,254,254,1,1,0,0,0,2,0,0,0,0,1,0,0,0,0,0,0,0,0,0,0,0,0,0,0,0,0,0,0,-1,0,0,0,0,1,0,0,0,0,0,0,0,0,0,0,0,0,-1,0,-1,0,0,-1,-1,-1,-1,0,0,0,0,-1,0,0,-1,0,1,0,[0|0|0|0|0|0|0|0]
90000202,Dragon Greatclaw [GiantStrike2],400000033,632545,-1,-1,0.15,0,0,0,0,0,0,0,0,0,0,0,0,6.5,6.5,0,0,0,0.5,0,0,0,-1,0,0,0,0,0,1,0,0,0,0,0,0,0,0,0,0,0,0,0,0,254,254,254,254,1,1,0,0,0,0,0,1,1,0,1,0,0,0,0,0,0,0,0,0,0,0,0,0,0,0,0,0,0,90000162,0.075,0.075,0,0,1,0,0,0,0,0,0,0,0,0,0,0,0,-1,0,-1,0,0,-1,-1,-1,-1,0,0,0,0,-1,0,0,-1,0,1,0,[0|0|0|0|0|0|0|0]
90000204,Dragon Greatclaw [SpearWeak],400000038,525513,-1,-1,0.05,999,0,0,0,0,0,0,0,0,0,0,0,3,3,0,0,0,0,0,0,0,-1,0,0,0,0,0,1,0,0,0,0,0,0,0,0,0,0,0,0,0,0,254,254,254,254,1,1,0,5,0,0,0,0,1,0,1,0,0,0,0,0,1,0,0,0,0,0,0,0,0,0,0,0,0,-1,0,0,0,0,1,0,0,0,0,0,0,0,0,0,1,0,0,-1,0,-1,0,0,-1,-1,-1,-1,0,0,0,0,-1,0,0,-1,0,1,0,[0|0|0|0|0|0|0|0]
90000205,Dragon Greatclaw [QuickExplosion],400000032,530365,-1,-1,0.1,0,0,0,0,0,0,0,0,0,0,0,0,3,4.5,0.05,0,0,1,0,0,0,-1,0,0,0,0,0,1,0,0,0,0,0,0,0,0,0,0,0,0,0,0,254,254,254,254,1,1,0,0,0,0,0,0,1,0,1,0,0,0,0,0,1,0,0,0,0,0,0,0,0,0,0,0,0,-1,0,0,0,0,0,0,0,0,0,0,0,0,0,0,0,0,0,-1,0,-1,0,0,-1,-1,-1,-1,0,0,0,0,-1,0,0,-1,0,1,0,[0|0|0|0|0|0|0|0]
90000206,Dragon Greatclaw [FollowSpear],400000031,525512,645131,-1,-1,30,0,0,0,0,15,0,0,1,1,0,0,0.2,-1,0,0,0,0,0,0,1000100,90000207,0,0,0,0,0,2,180,0,0,0,0,0,0,0,0,0,0,45,0,0,254,254,254,254,0,0,0,0,1,0,0,0,0,0,0,0,0,0,0,0,1,0,0,1,0,0,0,0,1,1,0,0,0,-1,0,0,0,0,0,0,0,0,0,0,0,0,0,1,0,0,-0.35,-1,0,-1,0,0,-1,-1,-1,-1,0,0,0,0,-1,0,0,189,0.7,1,0,[0|0|0|0|0|0|0|0]
90000207,Dragon Greatclaw [FollowSpear],400000037,525512,-1,-1,1.12,12,0,0,0,0.4,13,40,40,25,6,0.32,0,0.1,-1,0,0,0,0,0,0,0,90000204,0,0,0,0,0,1,35,0,0,0,0,0,0,0,0,0,0,45,0,0,254,254,254,254,0,0,0,0,0,0,0,0,0,0,0,0,0,1,0,0,1,1,0,1,0,0,0,0,0,0,0,0,0,-1,0,0,0,0,0,0,0,0,0,0,1,0,0,0,0,0,0,-1,0,-1,0,0,-1,-1,-1,-1,0,0,0,0,-1,0,0,-1,0,1,0,[0|0|0|0|0|0|0|0]
90000208,Dragon Greatclaw [SingleBoltSFX],-1,525532,-1,-1,0.5,6,0,0,0,0,0,0,0,0,0,0,0,-1,-1,0,0,0,0,0,0,0,-1,0,0,0,0,0,1,0,0,0,0,0,0,0,0,0,0,0,0,0,0,0,0,0,6,1,1,0,0,0,0,0,0,1,0,1,0,0,0,0,0,0,0,0,0,0,0,0,0,0,0,0,0,0,-1,0,0,0,0,0,0,0,0,0,0,0,0,0,0,0,0,0,-1,0,-1,0,0,-1,-1,-1,-1,0,0,0,0,-1,0,0,-1,0,1,0,[0|0|0|0|0|0|0|0]
90000209,Dragon Greatclaw [SpearRain],1,-1,-1,-1,0.05,2,0,-999,-999,0,4,0,-10,60,0,0,0,0.1,0.1,0,0,0,1,0,0,0,90000210,0,0,0,0,0,1,0,0,0,0,0,0,0,0,0,0,89,0,0,0,254,254,254,254,1,1,0,4,0,0,0,0,0,0,1,0,1,0,0,0,0,0,0,0,0,0,0,0,0,0,0,0,0,-1,0,0,0,0,0,0,0,0,0,0,0,0,0,0,0,0,0,-1,0,-1,0,0,-1,-1,-1,-1,0,0,0,0,-1,0,0,-1,0,1,0,[0|0|0|0|0|0|0|0]
90000210,Dragon Greatclaw [SpearRain],1,-1,-1,-1,0.3,999,0,0,0,0,20,0,0,60,0,0,0,0.1,0.1,0,0,0,0,0,0,0,-1,0,0,0,0,0,5,0,90,0,72,0,0,0,0,0,0,-90,0,0,0,254,254,254,254,1,1,0,4,0,0,0,0,0,0,1,0,1,0,0,0,0,0,0,0,0,0,0,0,0,0,0,0,5,90000211,0.06,0.18,0,0,0,0,0,0,0,0,0,0,0,0,0,0,0,-1,0,-1,0,0,-1,-1,-1,-1,0,0,0,0,-1,0,0,-1,0,1,0,[0|0|0|0|0|0|0|0]
90000211,Dragon Greatclaw [SpearRain],1,525512,-1,-1,0.3,999,0,0,0,0,0,0,0,60,0,0,0,0.1,0.1,0,0,0,0,0,0,0,90000212,0,0,0,0,0,1,0,0,0,0,0,0,0,0,0,0,-90,0,0,0,254,254,254,254,1,1,0,4,0,0,0,0,0,0,1,0,1,0,0,0,0,0,0,0,0,0,1,0,0,0,0,0,0,90000208,0.15,0.15,0,0,0,0,0,0,0,0,0,0,0,0,0,0,0,-1,0,-1,0,0,213000032,-1,-1,-1,0,0,0,0,-1,0,0,-1,0,1,0,[0|0|0|0|0|0|0|0]
90000212,Dragon Greatclaw [SpearRain],1,525512,-1,-1,0.45,999,0,0,0,0,0,0,0,60,0,0,0,0.1,0.1,0,0,0,0,0,0,0,90000213,0,0,0,0,0,1,0,0,0,0,0,0,0,0,0,0,0,0,0,0,254,254,254,254,1,1,0,4,0,0,0,0,0,0,1,0,1,0,0,0,0,0,0,0,0,0,0,0,0,0,0,0,0,-1,0,0,0,0,0,0,0,0,0,0,0,0,0,0,0,0,0,-1,1.2,-1,0,0,-1,-1,-1,-1,0,0,0,0,621321,0,0,-1,0,1,0,[0|0|0|0|0|0|0|0]
90000213,Dragon Greatclaw [SpearRain],400000034,525512,-1,-1,0.4,30,0,0,0,0,50,0,0,50,50,0,0,0.2,-1,0,0,0,1,0,0,0,90000204,0,0,0,0,0,1,0,0,0,0,0,0,0,0,0,0,0,0,0,0,254,254,254,254,1,1,0,0,0,0,0,0,0,0,1,0,0,0,0,0,1,0,0,0,0,0,0,0,0,0,0,0,0,-1,0,0,0,0,0,0,0,0,0,0,0,0,0,0,1,0,0,-1,0,-1,0,0,-1,-1,-1,-1,0,0,0,0,-1,0,0,-1,0,1,0,[0|0|0|0|0|0|0|0]
90000214,Dragon Greatclaw [GiantStrike3],400000033,632545,-1,-1,0.3,999,0,0,0,0,0,0,0,0,0,0,0,13,13,0,0,0,0,0,0,0,90000215,0,0,0,0,0,1,0,0,0,0,0,0,0,0,0,0,0,0,0,0,254,254,254,254,1,1,0,0,0,0,0,1,1,0,0,0,0,0,0,0,0,0,0,0,0,1,0,0,0,0,0,0,0,-1,0,0,0,0,1,0,0,0,0,0,0,0,0,0,0,0,0,-1,0,-1,0,0,-1,-1,-1,-1,0,0,0,0,-1,0,0,-1,0,1,0,[0|0|0|0|0|0|0|0]
90000215,Dragon Greatclaw [GiantStrike3],-1,645201,-1,-1,3,0,0,0,0,0,0,0,0,0,0,0,0,3,4.5,0.05,0,0,1,0,0,0,-1,0,0,0,0,0,1,0,0,0,0,0,0,0,0,0,0,0,0,0,0,254,254,254,254,1,1,0,0,0,0,0,0,1,0,1,0,0,0,0,0,1,0,0,0,0,0,0,0,0,0,0,0,0,-1,0,0,0,0,0,0,0,0,0,0,0,0,0,0,0,0,0,-1,0,-1,0,0,-1,-1,-1,-1,0,0,0,0,-1,0,0,-1,0,1,0,[0|0|0|0|0|0|0|0]
90000216,Dragon Greatclaw [QuickExplosion2],400000038,530365,-1,-1,0.1,0,0,0,0,0,0,0,0,0,0,0,0,3,4.5,0.05,0,0,1,0,0,0,-1,0,0,0,0,0,1,0,0,0,0,0,0,0,0,0,0,0,0,0,0,254,254,254,254,1,1,0,0,0,0,0,0,1,0,0,0,0,0,0,0,1,0,0,0,0,0,0,0,0,0,0,0,0,-1,0,0,0,0,0,0,0,0,0,0,0,0,0,0,0,0,0,-1,0,-1,0,0,-1,-1,-1,-1,0,0,0,0,-1,0,0,-1,0,1,0,[0|0|0|0|0|0|0|0]
90000217,Dragon Greatclaw [StormCircle2],0,-1,-1,-1,0.08,0,0,0,0,0,50,0,0,50,50,0,0,0.1,-1,0,0,0,0.3,0,0,0,90000219,0,0,0,0,0,1,15,0,0,0,0,0,0,0,0,0,70,0,0,0,254,254,254,254,1,1,0,0,0,0,0,0,0,0,1,0,0,0,0,0,1,0,0,0,0,0,0,0,0,0,-20,0,0,-1,0,0,0,0,0,0,0,0,0,0,0,0,0,0,0,0,0,-1,0,-1,0,0,-1,-1,-1,-1,0,0,0,0,-1,0,0,-1,0,1,0,[0|0|0|0|0|0|0|0]
90000219,Dragon Greatclaw [StormCircle2],0,-1,-1,-1,0.12,999,0,0,0,0,50,0,0,50,50,0,0,0.1,-1,0,0,0,0.3,0,0,0,90000220,0,0,0,0,0,8,0,-45,45,0,0,0,0,0,0,0,0,180,0,0,254,254,254,254,1,1,0,0,0,0,0,0,0,0,1,0,0,0,0,0,1,0,0,0,0,0,0,0,0,0,0,0,0,90000226,0.05,0.05,0,0,1,0,0,0,0,0,0,0,0,0,0,0,0,-1,0,-1,0,0,-1,-1,-1,-1,0,0,0,0,-1,0,0,-1,0,1,0,[0|0|0|0|0|0|0|0]
90000220,Dragon Greatclaw [StormCircle2],0,-1,-1,-1,0.08,999,0,0,0,0,50,0,0,50,50,0,0,0.1,-1,0,0,0,0.3,0,0,0,90000221,0,0,0,0,0,1,0,50,30,0,0,0,0,0,0,0,0,0,0,0,254,254,254,254,1,1,0,0,0,0,0,0,0,0,1,0,0,0,0,0,1,0,0,0,0,0,0,0,0,0,0,0,0,90000226,0.05,0.05,0,0,1,0,0,0,0,0,0,0,0,0,0,0,0,-1,0,-1,0,0,-1,-1,-1,-1,0,0,0,0,-1,0,0,-1,0,1,0,[0|0|0|0|0|0|0|0]
90000221,Dragon Greatclaw [StormCircle2],0,-1,-1,-1,0.14,999,0,0,0,0,50,0,0,50,50,0,0,0.1,-1,0,0,0,0.3,0,0,0,90000222,0,0,0,0,0,1,0,-100,30,0,0,0,0,0,0,0,0,0,0,0,254,254,254,254,1,1,0,0,0,0,0,0,0,0,1,0,0,0,0,0,1,0,0,0,0,0,0,0,0,0,0,0,0,90000226,0.05,0.05,0,0,1,0,0,0,0,0,0,0,0,0,0,0,0,-1,0,-1,0,0,-1,-1,-1,-1,0,0,0,0,-1,0,0,-1,0,1,0,[0|0|0|0|0|0|0|0]
90000222,Dragon Greatclaw [StormCircle2],0,-1,-1,-1,0.16,999,0,0,0,0,50,0,0,50,50,0,0,0.1,-1,0,0,0,0.3,0,0,0,90000223,0,0,0,0,0,1,0,110,30,0,0,0,0,0,0,0,0,0,0,0,254,254,254,254,1,1,0,0,0,0,0,0,0,0,1,0,0,0,0,0,1,0,0,0,0,0,0,0,0,0,0,0,0,90000226,0.05,0.05,0,0,1,0,0,0,0,0,0,0,0,0,0,0,0,-1,0,-1,0,0,-1,-1,-1,-1,0,0,0,0,-1,0,0,-1,0,1,0,[0|0|0|0|0|0|0|0]
90000223,Dragon Greatclaw [StormCircle2],0,-1,-1,-1,0.14,999,0,0,0,0,50,0,0,50,50,0,0,0.1,-1,0,0,0,0.3,0,0,0,-1,0,0,0,0,0,1,0,-125,30,0,0,0,0,0,0,0,0,0,0,0,254,254,254,254,1,1,0,0,0,0,0,0,0,0,1,0,0,0,0,0,1,0,0,0,0,0,0,0,0,0,0,0,0,90000226,0.05,0.05,0,0,1,0,0,0,0,0,0,0,0,0,0,0,0,-1,0,-1,0,0,-1,-1,-1,-1,0,0,0,0,-1,0,0,-1,0,1,0,[0|0|0|0|0|0|0|0]
90000226,Dragon Greatclaw [StormCircle2],0,-1,-1,-1,2,0,0,999,0,0,0,0,0,999,999,0,0,0.1,-1,0,0,0,0.5,0,0,0,90000227,0,0,0,0,0,1,0,-40,30,0,0,0,0,0,0,0,0,0,0,0,254,254,254,254,1,1,0,0,0,0,0,0,0,0,1,0,0,0,0,0,1,0,0,0,0,0,0,0,0,0,0,0,0,-1,0,0,0,0,1,0,0,0,0,0,0,0,0,0,0,0,0,-1,0,-1,0,0,-1,-1,-1,-1,0,0,0,0,-1,0,0,-1,0,1,0,[0|0|0|0|0|0|0|0]
90000227,Dragon Greatclaw [StormCircle2],0,632507,-1,-1,1.35,0,0,0,0,0,0,0,0,0,0,0,0,0.1,-1,0,0,0,0.5,0,0,0,90000228,0,0,0,0,0,1,0,0,0,0,0,0,0,0,0,0,0,0,0,0,254,254,254,254,1,1,0,0,0,0,0,0,1,0,1,0,0,0,0,0,1,0,0,0,0,0,0,0,0,0,0,0,0,-1,0,0,0,0,1,0,0,0,0,0,0,0,0,0,0,0,0,-1,0,-1,0,0,-1,-1,-1,-1,0,0,0,0,-1,0,0,-1,0,1,0,[0|0|0|0|0|0|0|0]
90000228,Dragon Greatclaw [StormCircle2],400000032,525537,-1,-1,0.05,0,0,0,0,0,0,0,0,0,0,0,0,1.5,-1,0,0,0,99,0,0,0,90000229,0,0,0,0,0,1,0,0,0,0,0,0,0,0,0,0,0,0,0,0,254,254,254,254,1,1,0,0,0,0,0,0,1,0,1,0,0,0,0,0,1,0,0,0,0,0,0,0,0,0,0,0,0,-1,0,0,0,0,0,0,0,0,0,0,0,0,0,0,1,0,0,-1,0,-1,0,0,-1,-1,-1,-1,0,0,0,0,-1,0,0,-1,0,1,0,[0|0|0|0|0|0|0|0]
90000229,Dragon Greatclaw [StormCircle2],400000032,-1,-1,-1,0.1,10,0,0,0,0,150,0,0,150,150,0,0,0.3,-1,0,0,0,99,0,0,0,-1,0,0,0,0,0,1,0,0,0,0,0,0,0,0,0,0,89,0,0,0,254,254,254,254,0,0,0,0,0,2,0,0,0,0,1,0,0,0,0,0,1,0,0,0,0,0,0,0,0,0,0,0,0,90000230,0.06,0.06,0,0,0,0,0,0,0,0,0,0,0,0,0,0,0,-1,0,-1,0,0,-1,-1,-1,-1,0,0,0,0,-1,0,0,-1,0,1,0,[0|0|0|0|0|0|0|0]
90000230,Dragon Greatclaw [StormCircle2],0,-1,-1,-1,0.1,10,0,999,999,0,10,0,0,999,999,0,0,0.1,-1,0,0,0,0.5,0,0,0,90000231,0,0,0,0,0,1,0,0,0,0,0,0,0,0,0,0,0,0,0,0,254,254,254,254,1,1,0,2,0,0,0,0,0,0,1,0,0,0,0,0,0,0,0,0,0,0,0,0,0,0,0,0,0,-1,0,0,0,0,0,0,0,0,0,0,0,0,0,0,0,0,0,-1,0,-1,0,0,-1,-1,-1,-1,0,0,0,0,-1,0,0,-1,0,1,0,[0|0|0|0|0|0|0|0]
90000231,Dragon Greatclaw [StormCircle2],0,-1,-1,-1,0.1,0,0,0,0,0,0,0,0,0,0,0,0,1,-1,0,0,0,0.5,0,0,0,90000232,0,0,0,0,0,1,0,0,0,0,0,0,0,0,0,0,0,0,0,0,254,254,254,254,1,1,0,2,0,0,0,0,0,0,1,0,0,0,0,0,0,0,0,0,0,0,0,0,0,0,0,0,0,-1,0,0,0,0,0,0,0,0,0,0,0,0,0,0,0,0,0,-1,0,-1,0,0,-1,-1,-1,-1,0,0,0,0,-1,0,0,-1,0,1,0,[0|0|0|0|0|0|0|0]
90000232,Dragon Greatclaw [StormCircle2],400000032,-1,525533,-1,0.2,0.2,0,80,150,0,15,0,0,15,0,0,0,0.5,-1,0,0,0,99,0,0,0,90000233,0,0,0,0,0,6,0,0,60,0,0,0,0,0,0,0,0,0,0,0,254,254,254,254,1,1,0,2,0,2,0,0,0,0,1,0,0,0,0,0,0,0,0,0,0,0,0,0,0,0,0,0,0,-1,0,0,0,0,1,0,0,0,0,0,0,0,0,0,0,0,0,-1,0,-1,0,0,-1,-1,-1,-1,0,0,0,0,-1,0,0,-1,0,1,0,[0|0|0|0|0|0|0|0]
90000233,Dragon Greatclaw [StormCircle2],400000032,-1,525533,-1,0.2,0.2,0,80,150,0,15,0,0,15,0,0,0,0.5,-1,0,0,0,99,0,0,0,-1,0,0,0,0,0,1,0,0,0,0,0,0,0,0,0,0,0,0,0,0,254,254,254,254,1,1,0,0,0,2,0,0,0,0,1,0,0,0,0,0,0,0,0,0,0,0,0,0,0,0,0,0,0,-1,0,0,0,0,1,0,0,0,0,0,0,0,0,0,0,0,0,-1,0,-1,0,0,-1,-1,-1,-1,0,0,0,0,-1,0,0,-1,0,1,0,[0|0|0|0|0|0|0|0]
90000235,Dragon Greatclaw [GiantWave],400000040,-1,-1,-1,0.2,0.2,0,130,200,0,40,0,0,40,40,0,0,0.5,-1,0,0,0,2,0,0,0,90000236,0,0,0,0,0,1,0,0,0,0,0,0,0,0,0,0,0,0,0,0,254,254,254,254,1,0,0,0,0,2,0,0,0,0,1,0,0,0,0,0,0,0,0,0,0,0,0,0,0,0,0,0,0,90000243,0,0,0,0,1,0,0,0,0,0,0,0,0,0,0,0,0,-1,0,-1,0,0,-1,-1,-1,-1,0,0,0,0,-1,0,0,-1,0,1,0,[0|0|0|0|0|0|0|0]
90000236,Dragon Greatclaw [GiantWave],400000040,645203,-1,-1,0.5,0,0,0,0,0,0,0,0,0,0,0,0,5,5,0,0,0,2,0,0,0,90000237,0,0,0,0,0,3,0,-75,75,0,0,0,0,0,0,0,0,0,0,0,254,254,254,254,1,1,0,5,0,0,0,0,1,0,1,0,0,0,0,0,0,0,0,0,0,0,0,0,0,0,0,0,0,90000243,0.25,0.25,0,0,1,0,0,0,0,0,0,0,0,0,0,0,0,-1,0,-1,0,0,-1,-1,-1,-1,0,0,0,0,-1,0,0,-1,0,1,0,[0|0|0|0|0|0|0|0]
90000237,Dragon Greatclaw [GiantWave],400000040,-1,-1,-1,0.2,0.2,0,130,200,0,100,0,0,100,100,0,0,0.5,-1,0,0,0,2,0,0,0,90000238,0,0,0,0,0,1,0,0,0,0,0,0,0,0,0,0,0,0,0,0,254,254,254,254,1,0,0,0,0,2,0,0,0,0,1,0,0,0,0,0,0,0,0,0,0,0,0,0,0,0,0,0,0,-1,0,0,0,0,1,0,0,0,0,0,0,0,0,0,0,0,0,-1,0,-1,0,0,-1,-1,-1,-1,0,0,0,0,-1,0,0,-1,0,1,0,[0|0|0|0|0|0|0|0]
90000238,Dragon Greatclaw [GiantWave],400000040,645203,-1,-1,0.5,0,0,0,0,0,0,0,0,0,0,0,0,5,5,0,0,0,2,0,0,0,90000239,0,0,0,0,0,1,0,0,0,0,0,0,0,0,0,0,0,0,0,0,254,254,254,254,1,1,0,5,0,0,0,0,1,0,1,0,0,0,0,0,0,0,0,0,0,0,0,0,0,0,0,0,0,90000243,0.25,0.25,0,0,1,0,0,0,0,0,0,0,0,0,0,0,0,-1,0,-1,0,0,-1,-1,-1,-1,0,0,0,0,-1,0,0,-1,0,1,0,[0|0|0|0|0|0|0|0]
90000239,Dragon Greatclaw [GiantWave],400000040,-1,-1,-1,0.2,0.2,0,130,200,0,100,0,0,100,100,0,0,0.5,-1,0,0,0,2,0,0,0,90000240,0,0,0,0,0,1,0,0,0,0,0,0,0,0,0,0,0,0,0,0,254,254,254,254,1,0,0,0,0,2,0,0,0,0,1,0,0,0,0,0,0,0,0,0,0,0,0,0,0,0,0,0,0,-1,0,0,0,0,1,0,0,0,0,0,0,0,0,0,0,0,0,-1,0,-1,0,0,-1,-1,-1,-1,0,0,0,0,-1,0,0,-1,0,1,0,[0|0|0|0|0|0|0|0]
90000240,Dragon Greatclaw [GiantWave],400000040,645203,-1,-1,0.05,0,0,0,0,0,0,0,0,0,0,0,0,5,5,0,0,0,2,0,0,0,90000243,0,0,0,0,0,1,0,0,0,0,0,0,0,0,0,0,0,0,0,0,254,254,254,254,1,1,0,5,0,0,0,0,1,0,1,0,0,0,0,0,0,0,0,0,0,0,0,0,0,0,0,0,0,-1,0,0,0,0,1,0,0,0,0,0,0,0,0,0,0,0,0,-1,0,-1,0,0,-1,-1,-1,-1,0,0,0,0,-1,0,0,-1,0,1,0,[0|0|0|0|0|0|0|0]
90000241,Dragon Greatclaw [GiantStormArea],1,645201,-1,-1,1,0,0,0,0,0,0,0,0,0,0,0,0,0.5,-1,0,0,0,0,0,0,0,90000246,0,0,0,0,0,8,0,0,0,0,0,0,0,0,0,0,0,0,0,0,254,254,254,254,0,0,0,0,0,1,0,0,0,0,1,0,0,0,0,0,1,0,0,0,0,0,0,0,0,0,0,0,0,-1,0,0,0,0,0,0,0,0,0,0,0,0,0,0,0,30,0,-1,0,-1,0,0,-1,-1,-1,-1,0,0,0,0,-1,0,0,-1,0,1,0,[0|0|0|0|0|0|0|0]
90000242,Dragon Greatclaw [GiantStormArea],400000040,645203,-1,-1,0.1,0,0,0,0,0,0,0,0,0,0,0,0,5,5,0,0,0,99,0,0,0,90000243,0,0,0,0,0,1,0,0,0,0,0,0,0,0,0,0,0,0,0,0,254,254,254,254,1,1,0,0,0,0,0,0,1,0,1,0,0,0,0,0,0,0,0,0,0,0,0,0,0,0,0,0,0,-1,0,0,0,0,1,0,0,0,0,0,0,0,0,0,0,0,0,-1,0,-1,0,0,-1,-1,-1,-1,0,0,0,0,-1,0,0,-1,0,1,0,[0|0|0|0|0|0|0|0]
90000243,Dragon Greatclaw [GiantStormArea],-1,525513,-1,-1,0.15,0,0,0,0,0,40,0,0,40,40,0,0,1.5,-1,0,0,0,99,0,0,0,-1,0,0,0,0,0,1,0,0,0,0,0,0,0,0,0,0,90,0,0,0,254,254,254,254,1,1,0,0,0,0,0,0,1,0,1,0,0,0,0,0,0,0,0,0,0,0,0,0,0,0,0,0,0,-1,0,0,0,0,0,0,0,0,0,0,0,0,0,0,0,0,0,-1,0,-1,0,0,-1,-1,-1,-1,0,0,0,0,-1,0,0,-1,0,1,0,[0|0|0|0|0|0|0|0]
90000244,Dragon Greatclaw [GiantHonedStrike],0,-1,-1,-1,0.3,10,0,0,0,0,200,0,0,200,200,0,0,0.1,-1,0,0,0,0,0,0,0,90000245,0,0,0,0,0,1,360,0,0,0,0,0,0,0,0,0,0,90,0,0,254,254,254,254,0,0,0,0,0,0,0,0,0,0,0,0,0,0,0,0,1,0,0,1,0,0,0,0,0,0,0,0,0,-1,0,0,0,0,0,0,0,0,0,0,0,0,0,0,0,0,0,-1,0,-1,0,0,-1,-1,-1,-1,0,0,0,0,-1,0,0,-1,0,1,0,[0|0|0|0|0|0|0|0]
90000245,Dragon Greatclaw [GiantHonedStrike],0,-1,-1,-1,0.4,10,0,0,0,0,200,0,0,200,200,0,0,0.1,-1,0,0,0,0,0,0,0,90000246,0,0,0,0,0,1,0,0,0,0,0,0,0,0,0,0,-89,0,0,0,254,254,254,254,1,1,0,0,0,0,0,0,0,0,0,0,0,0,0,0,1,0,0,1,0,0,0,0,0,0,0,0,0,-1,0,0,0,0,0,0,0,0,0,0,0,0,0,0,1,0,0,-1,0,-1,0,0,-1,-1,-1,-1,0,0,0,0,-1,0,0,-1,0,1,0,[0|0|0|0|0|0|0|0]
90000246,Dragon Greatclaw [GiantStrikeWait],-1,645201,-1,-1,1,0,0,0,0,0,0,0,0,0,0,0,0,3,4.5,0.05,0,0,1,0,0,0,90000242,0,0,0,0,0,1,0,0,0,0,0,0,0,0,0,0,0,0,0,0,254,254,254,254,1,1,0,0,0,0,0,0,1,0,0,0,0,0,0,0,1,0,0,0,0,0,0,0,0,0,0,0,0,-1,0,0,0,0,0,0,0,0,0,0,0,0,0,0,0,0,0,-1,1,-1,0,0,-1,-1,-1,-1,0,0,0,0,-1,0,0,-1,0,1,0,[0|0|0|0|0|0|0|0]
90000247,Dragon Greatclaw [N U K E],400000041,645254,-1,-1,1,0,0,0,0,0,0,0,0,0,0,0,0,5,48,0.3,0,0,0,0,0,0,-1,0,0,0,0,0,1,0,0,0,0,0,0,0,0,0,0,0,0,0,0,254,254,254,254,1,1,0,0,0,0,0,0,1,0,1,0,0,0,0,0,0,0,0,0,0,0,0,0,0,0,0,0,0,-1,0,0,0,0,0,0,0,0,0,0,0,0,0,0,0,0,0,-1,0,-1,0,0,-1,-1,-1,-1,0,0,0,0,-1,0,0,-1,0,1,0,[0|0|0|0|0|0|0|0]
