ID,guardLevel
1000,0
1100,0
1200,0
1210,0
1220,0
1230,0
1240,0
1250,0
1260,0
1400,0
1410,0
1420,0
1430,0
1500,0
1600,0
1700,0
1800,0
1900,0
2000,0
2100,0
2200,0
11000,1
12000,1
13000,1
100000,1
100100,1
100200,1
100300,1
100400,1
100500,1
100600,1
100700,1
100800,1
100900,1
101000,1
110000,1
170000,0
171000,0
172000,0
173000,0
174000,0
175000,0
176000,0
183000,0
183100,0
184000,0
184100,0
300000,0
301000,0
301100,0
302000,0
303000,0
305000,0
305100,0
306000,0
307000,0
308000,0
351000,0
358000,0
361000,0
830000,0
830100,0
830200,0
832000,0
832100,0
833000,0
834000,0
835000,0
835100,0
836000,0
837000,0
840000,0
842000,0
843000,0
844000,0
846000,0
847000,0
848000,0
849000,0
851000,0
860000,0
864000,0
865000,0
866000,0
866100,0
867000,0
1000000,1
1000100,1
1000200,1
1000300,1
1000400,1
1000500,1
1000600,1
1000700,1
1000800,1
1000900,1
1001000,1
1001100,1
1001200,1
1010000,1
1020000,1
1020100,1
1020200,1
1020300,1
1020400,1
1020500,1
1020600,1
1020700,1
1020800,1
1020900,1
1021000,1
1021100,1
1021200,1
1030000,1
1030100,1
1030200,1
1030300,1
1030400,1
1030500,1
1030600,1
1030700,1
1030800,1
1030900,1
1031000,1
1031100,1
1031200,1
1040000,1
1050000,1
1060000,1
1060100,1
1060200,1
1060300,1
1060400,1
1060500,1
1060600,1
1060700,1
1060800,1
1060900,1
1061000,1
1061100,1
1061200,1
1070000,1
1080000,1
1090000,1
1090100,1
1090200,1
1090300,1
1090400,1
1090500,1
1090600,1
1090700,1
1090800,1
1090900,1
1091000,1
1091100,1
1091200,1
1100000,1
1100100,1
1100200,1
1100300,1
1100400,1
1100500,1
1100600,1
1100700,1
1100800,1
1100900,1
1101000,1
1101100,1
1101200,1
1110000,1
1130000,1
1140000,1
1140100,1
1140200,1
1140300,1
1140400,1
1140500,1
1140600,1
1140700,1
1140800,1
1140900,1
1141000,1
1141100,1
1141200,1
1150000,1
1150100,1
1150200,1
1150300,1
1150400,1
1150500,1
1150600,1
1150700,1
1150800,1
1150900,1
1151000,1
1151100,1
1151200,1
1160000,1
1190000,1
1910000,1
2000000,1
2000100,1
2000200,1
2000300,1
2000400,1
2000500,1
2000600,1
2000700,1
2000800,1
2000900,1
2001000,1
2001100,1
2001200,1
2010000,1
2010100,1
2010200,1
2010300,1
2010400,1
2010500,1
2010600,1
2010700,1
2010800,1
2010900,1
2011000,1
2011100,1
2011200,1
2020000,1
2020100,1
2020200,1
2020300,1
2020400,1
2020500,1
2020600,1
2020700,1
2020800,1
2020900,1
2021000,1
2021100,1
2021200,1
2040000,1
2040100,1
2040200,1
2040300,1
2040400,1
2040500,1
2040600,1
2040700,1
2040800,1
2040900,1
2041000,1
2041100,1
2041200,1
2050000,1
2050100,1
2050200,1
2050300,1
2050400,1
2050500,1
2050600,1
2050700,1
2050800,1
2050900,1
2051000,1
2051100,1
2051200,1
2060000,1
2070000,1
2080000,1
2090000,1
2092000,1
2110000,1
2140000,1
2150000,1
2180000,1
2190000,1
2200000,1
2210000,1
2210100,1
2210200,1
2210300,1
2210400,1
2210500,1
2210600,1
2210700,1
2210800,1
2210900,1
2211000,1
2211100,1
2211200,1
2220000,1
2230000,1
2230100,1
2230200,1
2230300,1
2230400,1
2230500,1
2230600,1
2230700,1
2230800,1
2230900,1
2231000,1
2231100,1
2231200,1
2240000,1
2240100,1
2240200,1
2240300,1
2240400,1
2240500,1
2240600,1
2240700,1
2240800,1
2240900,1
2241000,1
2241100,1
2241200,1
2250000,1
2260000,1
3000000,1
3000100,1
3000200,1
3000300,1
3000400,1
3000500,1
3000600,1
3000700,1
3000800,1
3000900,1
3001000,1
3001100,1
3001200,1
3010000,1
3010100,1
3010200,1
3010300,1
3010400,1
3010500,1
3010600,1
3010700,1
3010800,1
3010900,1
3011000,1
3011100,1
3011200,1
3020000,1
3020100,1
3020200,1
3020300,1
3020400,1
3020500,1
3020600,1
3020700,1
3020800,1
3020900,1
3021000,1
3021100,1
3021200,1
3030000,1
3030100,1
3030200,1
3030300,1
3030400,1
3030500,1
3030600,1
3030700,1
3030800,1
3030900,1
3031000,1
3031100,1
3031200,1
3040000,1
3040100,1
3040200,1
3040300,1
3040400,1
3040500,1
3040600,1
3040700,1
3040800,1
3040900,1
3041000,1
3041100,1
3041200,1
3050000,1
3050100,1
3050200,1
3050300,1
3050400,1
3050500,1
3050600,1
3050700,1
3050800,1
3050900,1
3051000,1
3051100,1
3051200,1
3060000,1
3070000,1
3080000,1
3080100,1
3080200,1
3080300,1
3080400,1
3080500,1
3080600,1
3080700,1
3080800,1
3080900,1
3081000,1
3081100,1
3081200,1
3090000,1
3100000,1
3130000,1
3140000,1
3150000,1
3160000,1
3170000,1
3180000,1
3180100,1
3180200,1
3180300,1
3180400,1
3180500,1
3180600,1
3180700,1
3180800,1
3180900,1
3181000,1
3181100,1
3181200,1
3190000,1
3190100,1
3190200,1
3190300,1
3190400,1
3190500,1
3190600,1
3190700,1
3190800,1
3190900,1
3191000,1
3191100,1
3191200,1
3200000,1
3210000,1
3220000,1
3900000,1
4000000,1
4000100,1
4000200,1
4000300,1
4000400,1
4000500,1
4000600,1
4000700,1
4000800,1
4000900,1
4001000,1
4001100,1
4001200,1
4010000,1
4010100,1
4010200,1
4010300,1
4010400,1
4010500,1
4010600,1
4010700,1
4010800,1
4010900,1
4011000,1
4011100,1
4011200,1
4020000,1
4030000,1
4030100,1
4030200,1
4030300,1
4030400,1
4030500,1
4030600,1
4030700,1
4030800,1
4030900,1
4031000,1
4031100,1
4031200,1
4040000,1
4040100,1
4040200,1
4040300,1
4040400,1
4040500,1
4040600,1
4040700,1
4040800,1
4040900,1
4041000,1
4041100,1
4041200,1
4050000,1
4060000,1
4070000,1
4080000,1
4100000,1
4110000,1
4900000,1
4910000,1
5000000,1
5000100,1
5000200,1
5000300,1
5000400,1
5000500,1
5000600,1
5000700,1
5000800,1
5000900,1
5001000,1
5001100,1
5001200,1
5010000,1
5010100,1
5010200,1
5010300,1
5010400,1
5010500,1
5010600,1
5010700,1
5010800,1
5010900,1
5011000,1
5011100,1
5011200,1
5020000,1
5020100,1
5020200,1
5020300,1
5020400,1
5020500,1
5020600,1
5020700,1
5020800,1
5020900,1
5021000,1
5021100,1
5021200,1
5030000,1
5030100,1
5030200,1
5030300,1
5030400,1
5030500,1
5030600,1
5030700,1
5030800,1
5030900,1
5031000,1
5031100,1
5031200,1
5040000,1
5040100,1
5040200,1
5040300,1
5040400,1
5040500,1
5040600,1
5040700,1
5040800,1
5040900,1
5041000,1
5041100,1
5041200,1
5050000,1
5060000,1
5060100,1
5060200,1
5060300,1
5060400,1
5060500,1
5060600,1
5060700,1
5060800,1
5060900,1
5061000,1
5061100,1
5061200,1
6000000,1
6010000,1
6010100,1
6010200,1
6010300,1
6010400,1
6010500,1
6010600,1
6010700,1
6010800,1
6010900,1
6011000,1
6011100,1
6011200,1
6020000,1
6020100,1
6020200,1
6020300,1
6020400,1
6020500,1
6020600,1
6020700,1
6020800,1
6020900,1
6021000,1
6021100,1
6021200,1
6040000,1
6900000,1
7000000,1
7000100,1
7000200,1
7000300,1
7000400,1
7000500,1
7000600,1
7000700,1
7000800,1
7000900,1
7001000,1
7001100,1
7001200,1
7010000,1
7010100,1
7010200,1
7010300,1
7010400,1
7010500,1
7010600,1
7010700,1
7010800,1
7010900,1
7011000,1
7011100,1
7011200,1
7020000,1
7020100,1
7020200,1
7020300,1
7020400,1
7020500,1
7020600,1
7020700,1
7020800,1
7020900,1
7021000,1
7021100,1
7021200,1
7030000,1
7030100,1
7030200,1
7030300,1
7030400,1
7030500,1
7030600,1
7030700,1
7030800,1
7030900,1
7031000,1
7031100,1
7031200,1
7040000,1
7040100,1
7040200,1
7040300,1
7040400,1
7040500,1
7040600,1
7040700,1
7040800,1
7040900,1
7041000,1
7041100,1
7041200,1
7050000,1
7060000,1
7060100,1
7060200,1
7060300,1
7060400,1
7060500,1
7060600,1
7060700,1
7060800,1
7060900,1
7061000,1
7061100,1
7061200,1
7070000,1
7080000,1
7080100,1
7080200,1
7080300,1
7080400,1
7080500,1
7080600,1
7080700,1
7080800,1
7080900,1
7081000,1
7081100,1
7081200,1
7100000,1
7110000,1
7110100,1
7110200,1
7110300,1
7110400,1
7110500,1
7110600,1
7110700,1
7110800,1
7110900,1
7111000,1
7111100,1
7111200,1
7120000,1
7120100,1
7120200,1
7120300,1
7120400,1
7120500,1
7120600,1
7120700,1
7120800,1
7120900,1
7121000,1
7121100,1
7121200,1
7140000,1
7140100,1
7140200,1
7140300,1
7140400,1
7140500,1
7140600,1
7140700,1
7140800,1
7140900,1
7141000,1
7141100,1
7141200,1
7150000,1
7150100,1
7150200,1
7150300,1
7150400,1
7150500,1
7150600,1
7150700,1
7150800,1
7150900,1
7151000,1
7151100,1
7151200,1
8010000,1
8020000,1
8020100,1
8020200,1
8020300,1
8020400,1
8020500,1
8020600,1
8020700,1
8020800,1
8020900,1
8021000,1
8021100,1
8021200,1
8030000,1
8040000,1
8050000,1
8060000,1
8060100,1
8060200,1
8060300,1
8060400,1
8060500,1
8060600,1
8060700,1
8060800,1
8060900,1
8061000,1
8061100,1
8061200,1
8070000,1
8070100,1
8070200,1
8070300,1
8070400,1
8070500,1
8070600,1
8070700,1
8070800,1
8070900,1
8071000,1
8071100,1
8071200,1
8080000,1
8080100,1
8080200,1
8080300,1
8080400,1
8080500,1
8080600,1
8080700,1
8080800,1
8080900,1
8081000,1
8081100,1
8081200,1
8100000,1
8900000,1
9000000,1
9000100,1
9000200,1
9000300,1
9000400,1
9000500,1
9000600,1
9000700,1
9000800,1
9000900,1
9001000,1
9001100,1
9001200,1
9010000,1
9010100,1
9010200,1
9010300,1
9010400,1
9010500,1
9010600,1
9010700,1
9010800,1
9010900,1
9011000,1
9011100,1
9011200,1
9020000,1
9030000,1
9040000,1
9060000,1
9070000,1
9080000,1
9080100,1
9080200,1
9080300,1
9080400,1
9080500,1
9080600,1
9080700,1
9080800,1
9080900,1
9081000,1
9081100,1
9081200,1
9900000,1
9910000,1
9911000,1
9920000,1
9930000,1
10000000,1
10000100,1
10000200,1
10000300,1
10000400,1
10000500,1
10000600,1
10000700,1
10000800,1
10000900,1
10001000,1
10001100,1
10001200,1
10010000,1
10010100,1
10010200,1
10010300,1
10010400,1
10010500,1
10010600,1
10010700,1
10010800,1
10010900,1
10011000,1
10011100,1
10011200,1
10030000,1
10030100,1
10030200,1
10030300,1
10030400,1
10030500,1
10030600,1
10030700,1
10030800,1
10030900,1
10031000,1
10031100,1
10031200,1
10050000,1
10080000,1
10080100,1
10080200,1
10080300,1
10080400,1
10080500,1
10080600,1
10080700,1
10080800,1
10080900,1
10081000,1
10081100,1
10081200,1
10090000,1
11000000,1
11000100,1
11000200,1
11000300,1
11000400,1
11000500,1
11000600,1
11000700,1
11000800,1
11000900,1
11001000,1
11001100,1
11001200,1
11010000,1
11010100,1
11010200,1
11010300,1
11010400,1
11010500,1
11010600,1
11010700,1
11010800,1
11010900,1
11011000,1
11011100,1
11011200,1
11030000,1
11030100,1
11030200,1
11030300,1
11030400,1
11030500,1
11030600,1
11030700,1
11030800,1
11030900,1
11031000,1
11031100,1
11031200,1
11040000,1
11040100,1
11040200,1
11040300,1
11040400,1
11040500,1
11040600,1
11040700,1
11040800,1
11040900,1
11041000,1
11041100,1
11041200,1
11050000,1
11050100,1
11050200,1
11050300,1
11050400,1
11050500,1
11050600,1
11050700,1
11050800,1
11050900,1
11051000,1
11051100,1
11051200,1
11060000,1
11070000,1
11070100,1
11070200,1
11070300,1
11070400,1
11070500,1
11070600,1
11070700,1
11070800,1
11070900,1
11071000,1
11071100,1
11071200,1
11080000,1
11080100,1
11080200,1
11080300,1
11080400,1
11080500,1
11080600,1
11080700,1
11080800,1
11080900,1
11081000,1
11081100,1
11081200,1
11090000,1
11090100,1
11090200,1
11090300,1
11090400,1
11090500,1
11090600,1
11090700,1
11090800,1
11090900,1
11091000,1
11091100,1
11091200,1
11100000,1
11110000,1
11120000,1
11130000,1
11140000,1
11140100,1
11140200,1
11140300,1
11140400,1
11140500,1
11140600,1
11140700,1
11140800,1
11140900,1
11141000,1
11141100,1
11141200,1
11150000,1
11170000,1
12000000,1
12000100,1
12000200,1
12000300,1
12000400,1
12000500,1
12000600,1
12000700,1
12000800,1
12000900,1
12001000,1
12001100,1
12001200,1
12010000,1
12010100,1
12010200,1
12010300,1
12010400,1
12010500,1
12010600,1
12010700,1
12010800,1
12010900,1
12011000,1
12011100,1
12011200,1
12020000,1
12020100,1
12020200,1
12020300,1
12020400,1
12020500,1
12020600,1
12020700,1
12020800,1
12020900,1
12021000,1
12021100,1
12021200,1
12060000,1
12060100,1
12060200,1
12060300,1
12060400,1
12060500,1
12060600,1
12060700,1
12060800,1
12060900,1
12061000,1
12061100,1
12061200,1
12080000,1
12080100,1
12080200,1
12080300,1
12080400,1
12080500,1
12080600,1
12080700,1
12080800,1
12080900,1
12081000,1
12081100,1
12081200,1
12130000,1
12130100,1
12130200,1
12130300,1
12130400,1
12130500,1
12130600,1
12130700,1
12130800,1
12130900,1
12131000,1
12131100,1
12131200,1
12140000,1
12140100,1
12140200,1
12140300,1
12140400,1
12140500,1
12140600,1
12140700,1
12140800,1
12140900,1
12141000,1
12141100,1
12141200,1
12150000,1
12160000,1
12170000,1
12180000,1
12180100,1
12180200,1
12180300,1
12180400,1
12180500,1
12180600,1
12180700,1
12180800,1
12180900,1
12181000,1
12181100,1
12181200,1
12190000,1
12190100,1
12190200,1
12190300,1
12190400,1
12190500,1
12190600,1
12190700,1
12190800,1
12190900,1
12191000,1
12191100,1
12191200,1
12200000,1
12210000,1
12210100,1
12210200,1
12210300,1
12210400,1
12210500,1
12210600,1
12210700,1
12210800,1
12210900,1
12211000,1
12211100,1
12211200,1
12900000,1
12910000,1
13000000,1
13000100,1
13000200,1
13000300,1
13000400,1
13000500,1
13000600,1
13000700,1
13000800,1
13000900,1
13001000,1
13001100,1
13001200,1
13010000,1
13010100,1
13010200,1
13010300,1
13010400,1
13010500,1
13010600,1
13010700,1
13010800,1
13010900,1
13011000,1
13011100,1
13011200,1
13020000,1
13030000,1
13040000,1
13040100,1
13040200,1
13040300,1
13040400,1
13040500,1
13040600,1
13040700,1
13040800,1
13040900,1
13041000,1
13041100,1
13041200,1
14000000,1
14000100,1
14000200,1
14000300,1
14000400,1
14000500,1
14000600,1
14000700,1
14000800,1
14000900,1
14001000,1
14001100,1
14001200,1
14010000,1
14010100,1
14010200,1
14010300,1
14010400,1
14010500,1
14010600,1
14010700,1
14010800,1
14010900,1
14011000,1
14011100,1
14011200,1
14020000,1
14020100,1
14020200,1
14020300,1
14020400,1
14020500,1
14020600,1
14020700,1
14020800,1
14020900,1
14021000,1
14021100,1
14021200,1
14030000,1
14030100,1
14030200,1
14030300,1
14030400,1
14030500,1
14030600,1
14030700,1
14030800,1
14030900,1
14031000,1
14031100,1
14031200,1
14040000,1
14040100,1
14040200,1
14040300,1
14040400,1
14040500,1
14040600,1
14040700,1
14040800,1
14040900,1
14041000,1
14041100,1
14041200,1
14050000,1
14060000,1
14060100,1
14060200,1
14060300,1
14060400,1
14060500,1
14060600,1
14060700,1
14060800,1
14060900,1
14061000,1
14061100,1
14061200,1
14080000,1
14100000,1
14100100,1
14100200,1
14100300,1
14100400,1
14100500,1
14100600,1
14100700,1
14100800,1
14100900,1
14101000,1
14101100,1
14101200,1
14110000,1
14110100,1
14110200,1
14110300,1
14110400,1
14110500,1
14110600,1
14110700,1
14110800,1
14110900,1
14111000,1
14111100,1
14111200,1
14120000,1
14140000,1
15000000,1
15000100,1
15000200,1
15000300,1
15000400,1
15000500,1
15000600,1
15000700,1
15000800,1
15000900,1
15001000,1
15001100,1
15001200,1
15010000,1
15010100,1
15010200,1
15010300,1
15010400,1
15010500,1
15010600,1
15010700,1
15010800,1
15010900,1
15011000,1
15011100,1
15011200,1
15020000,1
15020100,1
15020200,1
15020300,1
15020400,1
15020500,1
15020600,1
15020700,1
15020800,1
15020900,1
15021000,1
15021100,1
15021200,1
15030000,1
15030100,1
15030200,1
15030300,1
15030400,1
15030500,1
15030600,1
15030700,1
15030800,1
15030900,1
15031000,1
15031100,1
15031200,1
15040000,1
15050000,1
15050100,1
15050200,1
15050300,1
15050400,1
15050500,1
15050600,1
15050700,1
15050800,1
15050900,1
15051000,1
15051100,1
15051200,1
15060000,1
15060100,1
15060200,1
15060300,1
15060400,1
15060500,1
15060600,1
15060700,1
15060800,1
15060900,1
15061000,1
15061100,1
15061200,1
15080000,1
15080100,1
15080200,1
15080300,1
15080400,1
15080500,1
15080600,1
15080700,1
15080800,1
15080900,1
15081000,1
15081100,1
15081200,1
15110000,1
15120000,1
15120100,1
15120200,1
15120300,1
15120400,1
15120500,1
15120600,1
15120700,1
15120800,1
15120900,1
15121000,1
15121100,1
15121200,1
15130000,1
15130100,1
15130200,1
15130300,1
15130400,1
15130500,1
15130600,1
15130700,1
15130800,1
15130900,1
15131000,1
15131100,1
15131200,1
15140000,1
15900000,1
16000000,1
16000100,1
16000200,1
16000300,1
16000400,1
16000500,1
16000600,1
16000700,1
16000800,1
16000900,1
16001000,1
16001100,1
16001200,1
16010000,1
16010100,1
16010200,1
16010300,1
16010400,1
16010500,1
16010600,1
16010700,1
16010800,1
16010900,1
16011000,1
16011100,1
16011200,1
16020000,1
16030000,1
16030100,1
16030200,1
16030300,1
16030400,1
16030500,1
16030600,1
16030700,1
16030800,1
16030900,1
16031000,1
16031100,1
16031200,1
16040000,1
16050000,1
16050100,1
16050200,1
16050300,1
16050400,1
16050500,1
16050600,1
16050700,1
16050800,1
16050900,1
16051000,1
16051100,1
16051200,1
16060000,1
16060100,1
16060200,1
16060300,1
16060400,1
16060500,1
16060600,1
16060700,1
16060800,1
16060900,1
16061000,1
16061100,1
16061200,1
16070000,1
16070100,1
16070200,1
16070300,1
16070400,1
16070500,1
16070600,1
16070700,1
16070800,1
16070900,1
16071000,1
16071100,1
16071200,1
16080000,1
16090000,1
16110000,1
16110100,1
16110200,1
16110300,1
16110400,1
16110500,1
16110600,1
16110700,1
16110800,1
16110900,1
16111000,1
16111100,1
16111200,1
16120000,1
16130000,1
16140000,1
16140100,1
16140200,1
16140300,1
16140400,1
16140500,1
16140600,1
16140700,1
16140800,1
16140900,1
16141000,1
16141100,1
16141200,1
16150000,1
16150100,1
16150200,1
16150300,1
16150400,1
16150500,1
16150600,1
16150700,1
16150800,1
16150900,1
16151000,1
16151100,1
16151200,1
16160000,1
17010000,1
17020000,1
17030000,1
17050000,1
17060000,1
17060100,1
17060200,1
17060300,1
17060400,1
17060500,1
17060600,1
17060700,1
17060800,1
17060900,1
17061000,1
17061100,1
17061200,1
17070000,1
17070100,1
17070200,1
17070300,1
17070400,1
17070500,1
17070600,1
17070700,1
17070800,1
17070900,1
17071000,1
17071100,1
17071200,1
17900000,1
17910000,1
18000000,1
18000100,1
18000200,1
18000300,1
18000400,1
18000500,1
18000600,1
18000700,1
18000800,1
18000900,1
18001000,1
18001100,1
18001200,1
18010000,1
18010100,1
18010200,1
18010300,1
18010400,1
18010500,1
18010600,1
18010700,1
18010800,1
18010900,1
18011000,1
18011100,1
18011200,1
18020000,1
18020100,1
18020200,1
18020300,1
18020400,1
18020500,1
18020600,1
18020700,1
18020800,1
18020900,1
18021000,1
18021100,1
18021200,1
18030000,1
18030100,1
18030200,1
18030300,1
18030400,1
18030500,1
18030600,1
18030700,1
18030800,1
18030900,1
18031000,1
18031100,1
18031200,1
18040000,1
18050000,1
18050100,1
18050200,1
18050300,1
18050400,1
18050500,1
18050600,1
18050700,1
18050800,1
18050900,1
18051000,1
18051100,1
18051200,1
18060000,1
18070000,1
18070100,1
18070200,1
18070300,1
18070400,1
18070500,1
18070600,1
18070700,1
18070800,1
18070900,1
18071000,1
18071100,1
18071200,1
18080000,1
18090000,1
18090100,1
18090200,1
18090300,1
18090400,1
18090500,1
18090600,1
18090700,1
18090800,1
18090900,1
18091000,1
18091100,1
18091200,1
18100000,1
18110000,1
18110100,1
18110200,1
18110300,1
18110400,1
18110500,1
18110600,1
18110700,1
18110800,1
18110900,1
18111000,1
18111100,1
18111200,1
18130000,1
18130100,1
18130200,1
18130300,1
18130400,1
18130500,1
18130600,1
18130700,1
18130800,1
18130900,1
18131000,1
18131100,1
18131200,1
18140000,1
18150000,1
18150100,1
18150200,1
18150300,1
18150400,1
18150500,1
18150600,1
18150700,1
18150800,1
18150900,1
18151000,1
18151100,1
18151200,1
18160000,1
19000000,1
19000100,1
19000200,1
19000300,1
19000400,1
19000500,1
19000600,1
19000700,1
19000800,1
19000900,1
19001000,1
19001100,1
19001200,1
19010000,1
19010100,1
19010200,1
19010300,1
19010400,1
19010500,1
19010600,1
19010700,1
19010800,1
19010900,1
19011000,1
19011100,1
19011200,1
19020000,1
19060000,1
20000000,1
20000100,1
20000200,1
20000300,1
20000400,1
20000500,1
20000600,1
20000700,1
20000800,1
20000900,1
20001000,1
20001100,1
20001200,1
20020000,1
20020100,1
20020200,1
20020300,1
20020400,1
20020500,1
20020600,1
20020700,1
20020800,1
20020900,1
20021000,1
20021100,1
20021200,1
20030000,1
20050000,1
20050100,1
20050200,1
20050300,1
20050400,1
20050500,1
20050600,1
20050700,1
20050800,1
20050900,1
20051000,1
20051100,1
20051200,1
20060000,1
20070000,1
20070100,1
20070200,1
20070300,1
20070400,1
20070500,1
20070600,1
20070700,1
20070800,1
20070900,1
20071000,1
20071100,1
20071200,1
21000000,1
21000100,1
21000200,1
21000300,1
21000400,1
21000500,1
21000600,1
21000700,1
21000800,1
21000900,1
21001000,1
21001100,1
21001200,1
21010000,1
21010100,1
21010200,1
21010300,1
21010400,1
21010500,1
21010600,1
21010700,1
21010800,1
21010900,1
21011000,1
21011100,1
21011200,1
21060000,1
21070000,1
21070100,1
21070200,1
21070300,1
21070400,1
21070500,1
21070600,1
21070700,1
21070800,1
21070900,1
21071000,1
21071100,1
21071200,1
21080000,1
21080100,1
21080200,1
21080300,1
21080400,1
21080500,1
21080600,1
21080700,1
21080800,1
21080900,1
21081000,1
21081100,1
21081200,1
21100000,1
21100100,1
21100200,1
21100300,1
21100400,1
21100500,1
21100600,1
21100700,1
21100800,1
21100900,1
21101000,1
21101100,1
21101200,1
21110000,1
21120000,1
21130000,1
22000000,1
22000100,1
22000200,1
22000300,1
22000400,1
22000500,1
22000600,1
22000700,1
22000800,1
22000900,1
22001000,1
22001100,1
22001200,1
22010000,1
22010100,1
22010200,1
22010300,1
22010400,1
22010500,1
22010600,1
22010700,1
22010800,1
22010900,1
22011000,1
22011100,1
22011200,1
22020000,1
22020100,1
22020200,1
22020300,1
22020400,1
22020500,1
22020600,1
22020700,1
22020800,1
22020900,1
22021000,1
22021100,1
22021200,1
22030000,1
22030100,1
22030200,1
22030300,1
22030400,1
22030500,1
22030600,1
22030700,1
22030800,1
22030900,1
22031000,1
22031100,1
22031200,1
23000000,1
23000100,1
23000200,1
23000300,1
23000400,1
23000500,1
23000600,1
23000700,1
23000800,1
23000900,1
23001000,1
23001100,1
23001200,1
23010000,1
23020000,1
23020100,1
23020200,1
23020300,1
23020400,1
23020500,1
23020600,1
23020700,1
23020800,1
23020900,1
23021000,1
23021100,1
23021200,1
23030000,1
23040000,1
23040100,1
23040200,1
23040300,1
23040400,1
23040500,1
23040600,1
23040700,1
23040800,1
23040900,1
23041000,1
23041100,1
23041200,1
23050000,1
23060000,1
23070000,1
23080000,1
23100000,1
23110000,1
23110100,1
23110200,1
23110300,1
23110400,1
23110500,1
23110600,1
23110700,1
23110800,1
23110900,1
23111000,1
23111100,1
23111200,1
23120000,1
23120100,1
23120200,1
23120300,1
23120400,1
23120500,1
23120600,1
23120700,1
23120800,1
23120900,1
23121000,1
23121100,1
23121200,1
23130000,1
23130100,1
23130200,1
23130300,1
23130400,1
23130500,1
23130600,1
23130700,1
23130800,1
23130900,1
23131000,1
23131100,1
23131200,1
23140000,1
23150000,1
23150100,1
23150200,1
23150300,1
23150400,1
23150500,1
23150600,1
23150700,1
23150800,1
23150900,1
23151000,1
23151100,1
23151200,1
23900000,2
23910000,2
23920000,2
23930000,2
24000000,1
24020000,1
24040000,1
24050000,1
24060000,1
24070000,1
30000000,1
30000100,1
30000200,1
30000300,1
30000400,1
30000500,1
30000600,1
30000700,1
30000800,1
30000900,1
30001000,1
30001100,1
30001200,1
30010000,1
30010100,1
30010200,1
30010300,1
30010400,1
30010500,1
30010600,1
30010700,1
30010800,1
30010900,1
30011000,1
30011100,1
30011200,1
30020000,1
30020100,1
30020200,1
30020300,1
30020400,1
30020500,1
30020600,1
30020700,1
30020800,1
30020900,1
30021000,1
30021100,1
30021200,1
30030000,1
30030100,1
30030200,1
30030300,1
30030400,1
30030500,1
30030600,1
30030700,1
30030800,1
30030900,1
30031000,1
30031100,1
30031200,1
30040000,1
30040100,1
30040200,1
30040300,1
30040400,1
30040500,1
30040600,1
30040700,1
30040800,1
30040900,1
30041000,1
30041100,1
30041200,1
30060000,1
30060100,1
30060200,1
30060300,1
30060400,1
30060500,1
30060600,1
30060700,1
30060800,1
30060900,1
30061000,1
30061100,1
30061200,1
30070000,1
30070100,1
30070200,1
30070300,1
30070400,1
30070500,1
30070600,1
30070700,1
30070800,1
30070900,1
30071000,1
30071100,1
30071200,1
30080000,1
30080100,1
30080200,1
30080300,1
30080400,1
30080500,1
30080600,1
30080700,1
30080800,1
30080900,1
30081000,1
30081100,1
30081200,1
30090000,1
30090100,1
30090200,1
30090300,1
30090400,1
30090500,1
30090600,1
30090700,1
30090800,1
30090900,1
30091000,1
30091100,1
30091200,1
30100000,1
30100100,1
30100200,1
30100300,1
30100400,1
30100500,1
30100600,1
30100700,1
30100800,1
30100900,1
30101000,1
30101100,1
30101200,1
30110000,1
30110100,1
30110200,1
30110300,1
30110400,1
30110500,1
30110600,1
30110700,1
30110800,1
30110900,1
30111000,1
30111100,1
30111200,1
30120000,1
30120100,1
30120200,1
30120300,1
30120400,1
30120500,1
30120600,1
30120700,1
30120800,1
30120900,1
30121000,1
30121100,1
30121200,1
30130000,1
30130100,1
30130200,1
30130300,1
30130400,1
30130500,1
30130600,1
30130700,1
30130800,1
30130900,1
30131000,1
30131100,1
30131200,1
30140000,1
30140100,1
30140200,1
30140300,1
30140400,1
30140500,1
30140600,1
30140700,1
30140800,1
30140900,1
30141000,1
30141100,1
30141200,1
30150000,1
30190000,1
30190100,1
30190200,1
30190300,1
30190400,1
30190500,1
30190600,1
30190700,1
30190800,1
30190900,1
30191000,1
30191100,1
30191200,1
30200000,1
31000000,1
31000100,1
31000200,1
31000300,1
31000400,1
31000500,1
31000600,1
31000700,1
31000800,1
31000900,1
31001000,1
31001100,1
31001200,1
31010000,1
31010100,1
31010200,1
31010300,1
31010400,1
31010500,1
31010600,1
31010700,1
31010800,1
31010900,1
31011000,1
31011100,1
31011200,1
31020000,1
31020100,1
31020200,1
31020300,1
31020400,1
31020500,1
31020600,1
31020700,1
31020800,1
31020900,1
31021000,1
31021100,1
31021200,1
31030000,1
31030100,1
31030200,1
31030300,1
31030400,1
31030500,1
31030600,1
31030700,1
31030800,1
31030900,1
31031000,1
31031100,1
31031200,1
31040000,1
31040100,1
31040200,1
31040300,1
31040400,1
31040500,1
31040600,1
31040700,1
31040800,1
31040900,1
31041000,1
31041100,1
31041200,1
31050000,1
31050100,1
31050200,1
31050300,1
31050400,1
31050500,1
31050600,1
31050700,1
31050800,1
31050900,1
31051000,1
31051100,1
31051200,1
31060000,1
31070000,1
31070100,1
31070200,1
31070300,1
31070400,1
31070500,1
31070600,1
31070700,1
31070800,1
31070900,1
31071000,1
31071100,1
31071200,1
31080000,1
31080100,1
31080200,1
31080300,1
31080400,1
31080500,1
31080600,1
31080700,1
31080800,1
31080900,1
31081000,1
31081100,1
31081200,1
31090000,1
31090100,1
31090200,1
31090300,1
31090400,1
31090500,1
31090600,1
31090700,1
31090800,1
31090900,1
31091000,1
31091100,1
31091200,1
31100000,1
31100100,1
31100200,1
31100300,1
31100400,1
31100500,1
31100600,1
31100700,1
31100800,1
31100900,1
31101000,1
31101100,1
31101200,1
31130000,1
31130100,1
31130200,1
31130300,1
31130400,1
31130500,1
31130600,1
31130700,1
31130800,1
31130900,1
31131000,1
31131100,1
31131200,1
31140000,1
31140100,1
31140200,1
31140300,1
31140400,1
31140500,1
31140600,1
31140700,1
31140800,1
31140900,1
31141000,1
31141100,1
31141200,1
31170000,1
31170100,1
31170200,1
31170300,1
31170400,1
31170500,1
31170600,1
31170700,1
31170800,1
31170900,1
31171000,1
31171100,1
31171200,1
31190000,1
31190100,1
31190200,1
31190300,1
31190400,1
31190500,1
31190600,1
31190700,1
31190800,1
31190900,1
31191000,1
31191100,1
31191200,1
31230000,1
31230100,1
31230200,1
31230300,1
31230400,1
31230500,1
31230600,1
31230700,1
31230800,1
31230900,1
31231000,1
31231100,1
31231200,1
31240000,1
31240100,1
31240200,1
31240300,1
31240400,1
31240500,1
31240600,1
31240700,1
31240800,1
31240900,1
31241000,1
31241100,1
31241200,1
31250000,1
31250100,1
31250200,1
31250300,1
31250400,1
31250500,1
31250600,1
31250700,1
31250800,1
31250900,1
31251000,1
31251100,1
31251200,1
31260000,1
31260100,1
31260200,1
31260300,1
31260400,1
31260500,1
31260600,1
31260700,1
31260800,1
31260900,1
31261000,1
31261100,1
31261200,1
31270000,1
31270100,1
31270200,1
31270300,1
31270400,1
31270500,1
31270600,1
31270700,1
31270800,1
31270900,1
31271000,1
31271100,1
31271200,1
31280000,1
31280100,1
31280200,1
31280300,1
31280400,1
31280500,1
31280600,1
31280700,1
31280800,1
31280900,1
31281000,1
31281100,1
31281200,1
31290000,1
31290100,1
31290200,1
31290300,1
31290400,1
31290500,1
31290600,1
31290700,1
31290800,1
31290900,1
31291000,1
31291100,1
31291200,1
31300000,1
31300100,1
31300200,1
31300300,1
31300400,1
31300500,1
31300600,1
31300700,1
31300800,1
31300900,1
31301000,1
31301100,1
31301200,1
31310000,1
31310100,1
31310200,1
31310300,1
31310400,1
31310500,1
31310600,1
31310700,1
31310800,1
31310900,1
31311000,1
31311100,1
31311200,1
31320000,1
31320100,1
31320200,1
31320300,1
31320400,1
31320500,1
31320600,1
31320700,1
31320800,1
31320900,1
31321000,1
31321100,1
31321200,1
31330000,1
31330100,1
31330200,1
31330300,1
31330400,1
31330500,1
31330600,1
31330700,1
31330800,1
31330900,1
31331000,1
31331100,1
31331200,1
31340000,1
31340100,1
31340200,1
31340300,1
31340400,1
31340500,1
31340600,1
31340700,1
31340800,1
31340900,1
31341000,1
31341100,1
31341200,1
32000000,4
32000100,4
32000200,4
32000300,4
32000400,4
32000500,4
32000600,4
32000700,4
32000800,4
32000900,4
32001000,4
32001100,4
32001200,4
32020000,4
32020100,4
32020200,4
32020300,4
32020400,4
32020500,4
32020600,4
32020700,4
32020800,4
32020900,4
32021000,4
32021100,4
32021200,4
32030000,4
32040000,4
32050000,4
32050100,4
32050200,4
32050300,4
32050400,4
32050500,4
32050600,4
32050700,4
32050800,4
32050900,4
32051000,4
32051100,4
32051200,4
32080000,4
32090000,4
32090100,4
32090200,4
32090300,4
32090400,4
32090500,4
32090600,4
32090700,4
32090800,4
32090900,4
32091000,4
32091100,4
32091200,4
32120000,4
32130000,4
32130100,4
32130200,4
32130300,4
32130400,4
32130500,4
32130600,4
32130700,4
32130800,4
32130900,4
32131000,4
32131100,4
32131200,4
32140000,4
32150000,4
32160000,4
32170000,4
32170100,4
32170200,4
32170300,4
32170400,4
32170500,4
32170600,4
32170700,4
32170800,4
32170900,4
32171000,4
32171100,4
32171200,4
32190000,4
32190100,4
32190200,4
32190300,4
32190400,4
32190500,4
32190600,4
32190700,4
32190800,4
32190900,4
32191000,4
32191100,4
32191200,4
32200000,4
32200100,4
32200200,4
32200300,4
32200400,4
32200500,4
32200600,4
32200700,4
32200800,4
32200900,4
32201000,4
32201100,4
32201200,4
32210000,4
32210100,4
32210200,4
32210300,4
32210400,4
32210500,4
32210600,4
32210700,4
32210800,4
32210900,4
32211000,4
32211100,4
32211200,4
32220000,4
32230000,4
32230100,4
32230200,4
32230300,4
32230400,4
32230500,4
32230600,4
32230700,4
32230800,4
32230900,4
32231000,4
32231100,4
32231200,4
32240000,4
32240100,4
32240200,4
32240300,4
32240400,4
32240500,4
32240600,4
32240700,4
32240800,4
32240900,4
32241000,4
32241100,4
32241200,4
32250000,4
32250100,4
32250200,4
32250300,4
32250400,4
32250500,4
32250600,4
32250700,4
32250800,4
32250900,4
32251000,4
32251100,4
32251200,4
32260000,4
32260100,4
32260200,4
32260300,4
32260400,4
32260500,4
32260600,4
32260700,4
32260800,4
32260900,4
32261000,4
32261100,4
32261200,4
32270000,4
32270100,4
32270200,4
32270300,4
32270400,4
32270500,4
32270600,4
32270700,4
32270800,4
32270900,4
32271000,4
32271100,4
32271200,4
32280000,4
32280100,4
32280200,4
32280300,4
32280400,4
32280500,4
32280600,4
32280700,4
32280800,4
32280900,4
32281000,4
32281100,4
32281200,4
32290000,4
32290100,4
32290200,4
32290300,4
32290400,4
32290500,4
32290600,4
32290700,4
32290800,4
32290900,4
32291000,4
32291100,4
32291200,4
32300000,4
32300100,4
32300200,4
32300300,4
32300400,4
32300500,4
32300600,4
32300700,4
32300800,4
32300900,4
32301000,4
32301100,4
32301200,4
32900000,4
32910000,4
32920000,4
33000000,1
33040000,1
33050000,1
33060000,1
33090000,1
33120000,1
33130000,1
33170000,1
33180000,1
33190000,1
33200000,1
33210000,1
33230000,1
33240000,1
33250000,1
33260000,1
33270000,1
33280000,1
33900000,1
33910000,1
33920000,1
33930000,1
33940000,1
33950000,1
33960000,1
33970000,1
33980000,1
34000000,1
34010000,1
34020000,1
34030000,1
34040000,1
34060000,1
34070000,1
34080000,1
34090000,1
34900000,1
34910000,1
34920000,1
34930000,1
34940000,1
34950000,1
34960000,1
34970000,1
34980000,1
34990000,1
40000000,1
40010000,1
40020000,1
40030000,1
40050000,1
41000000,1
41010000,1
41020000,1
41030000,1
41040000,1
41060000,1
41070000,1
42000000,1
42010000,1
42030000,1
42040000,1
43000000,1
43020000,1
43030000,1
43050000,1
43060000,1
43080000,1
43110000,1
43900000,1
44000000,1
44010000,1
50000000,0
50010000,0
50020000,0
50030000,0
50040000,0
50060000,0
50080000,0
50090000,0
50100000,0
50110000,0
50130000,0
50140000,0
50150000,0
50160000,0
50170000,0
50180000,0
50190000,0
50200000,0
50210000,0
50220000,0
50230000,0
50240000,0
50260000,0
50270000,0
50280000,0
50290000,0
50300000,0
50310000,0
50320000,0
50330000,0
50340000,0
50350000,0
51000000,0
51010000,0
51020000,0
51030000,0
51040000,0
51050000,0
51060000,0
52000000,0
52010000,0
52020000,0
52030000,0
52040000,0
52050000,0
52060000,0
52070000,0
52080000,0
52090000,0
52100000,0
52110000,0
52120000,0
52130000,0
52140000,0
52150000,0
52160000,0
52170000,0
52180000,0
52190000,0
52900000,0
52910000,0
53000000,0
53010000,0
53020000,0
53030000,0
47000000,0
47010000,0
98990000,3
99000000,1
99010000,1
99020000,1
99030000,3
99040000,1
99050000,1
99060000,1
