ID,dmgLevel
12,3
13,4
14,5
15,6
16,7
17,8
18,9
20,11
50,2
70,0
900,7
901,7
3030,3
3031,3
3032,3
3033,3
3040,5
3041,5
3042,5
3043,5
3050,5
3051,5
3052,5
3053,5
3060,5
3061,5
3062,5
3130,3
3131,3
3132,3
3133,3
3140,5
3141,5
3142,5
3143,5
3150,5
3151,5
3152,5
3153,5
3160,5
3161,5
3162,5
3200,3
3201,3
3211,5
3212,5
3330,3
3331,3
3332,3
3333,3
3340,5
3341,5
3342,5
3343,5
3430,3
3431,3
3432,3
3433,3
3440,5
3441,5
3442,5
3443,5
5100,4
7000,7
9910,7
9920,3
100100,4
100101,1
100202,2
100203,1
100900,2
100910,7
100915,7
101000,11
101100,11
101110,3
102001,1
102002,1
102120,11
103000,11
104000,3
120100,4
120101,4
120105,4
120110,4
120111,4
120115,4
120120,4
120121,4
120125,4
120150,4
120151,4
120155,4
120160,4
120161,4
120165,4
120170,4
120171,4
120175,4
149400,4
149500,7
200100,7
200105,4
200200,7
200300,7
240000,7
2010100,2
2010105,2
2010110,2
2010115,2
2010120,1
2010125,1
2010131,2
2010136,2
2010140,2
2010145,2
2010191,2
2010196,2
2010200,2
2010205,2
2010230,2
2010235,2
2010240,5
2010270,6
2010271,4
2010300,1
2010301,7
2010305,1
2010306,7
2010310,7
2010315,7
2010330,7
2010340,7
2030140,7
2031130,0
2031150,7
2031155,0
2031160,7
2031176,0
2031180,0
2031181,0
2031230,1
2031240,3
2031260,1
2031261,1
2031262,1
2031800,7
2040100,7
2040110,1
2040120,1
2040130,1
2040140,3
2040150,6
2041100,1
2041130,5
2041140,8
2100100,1
2100110,2
2100111,2
2100130,1
2100140,1
2100150,3
2100172,3
2100173,3
2100180,1
2100190,1
2100210,1
2100220,1
2100221,3
2100230,1
2100231,1
2100240,6
2100241,6
2100280,3
2100290,3
2100300,3
2100301,3
2100350,1
2100352,3
2110100,1
2110130,7
2110150,9
2110160,7
2110165,7
2110170,1
2110190,6
2110200,7
2110210,1
2110220,10
2110230,1
2110240,1
2110250,9
2110251,3
2110260,10
2110270,1
2110280,2
2110310,5
2110311,2
2110320,2
2110321,2
2110322,2
2110340,8
2110341,8
2110350,3
2110351,7
2110380,2
2110390,2
2110391,2
2110400,2
2110401,3
2110403,7
2110420,10
2110421,3
2110430,2
2110431,2
2110440,2
2110441,2
2110470,7
2110490,10
2110730,1
2110740,1
2110741,2
2110742,6
2110750,2
2110751,3
2110752,3
2110753,1
2110754,3
2110900,3
2120100,2
2120110,1
2120120,2
2120130,1
2120140,2
2120141,10
2120150,10
2120160,5
2120161,2
2120170,1
2120180,5
2120190,2
2120200,1
2120201,2
2120202,1
2120203,2
2120204,1
2120205,7
2120209,2
2120210,2
2120220,10
2120230,10
2120231,7
2120240,10
2120241,10
2120260,10
2120270,2
2120271,4
2120280,3
2120290,3
2120300,10
2120310,10
2120321,0
2120340,2
2120370,1
2120380,1
2120390,2
2120400,1
2120401,2
2120402,1
2120403,2
2120404,1
2120410,10
2120450,1
2120460,2
2120470,10
2120471,4
2120480,2
2120481,1
2120482,1
2120483,2
2120484,1
2120485,2
2120486,1
2120487,2
2120488,1
2120489,2
2120490,5
2120491,2
2120500,2
2120501,1
2120502,1
2120510,1
2120520,1
2120530,1
2120531,2
2120532,2
2120643,2
2120652,7
2120653,5
2120700,2
2120720,2
2120730,2
2120800,2
2120801,7
2120810,2
2120811,7
2120900,2
2130020,7
2130030,8
2130050,7
2130060,2
2130090,2
2130105,10
2130110,1
2130115,1
2130120,1
2130125,1
2130130,2
2130135,1
2130140,10
2130141,10
2130142,1
2130146,7
2130147,7
2130148,1
2130150,1
2130155,1
2130160,3
2130165,3
2130170,10
2130171,10
2130175,9
2130176,7
2130177,7
2130190,10
2130191,10
2130195,1
2130196,1
2130200,10
2130205,10
2130231,7
2130235,1
2130236,7
2130250,10
2130251,10
2130257,1
2130290,1
2130291,10
2130292,10
2130295,1
2130296,7
2130297,7
2130300,1
2130301,1
2130302,1
2130303,1
2130304,10
2130307,2
2130308,4
2130309,1
2130341,9
2130350,6
2130356,6
2130360,2
2130361,2
2130363,1
2130364,4
2130368,2
2130369,4
2130390,2
2130391,2
2130394,1
2130398,7
2130399,7
2130420,2
2130421,1
2130422,3
2130424,2
2130425,2
2130428,3
2130429,2
2130450,7
2130455,7
2130460,1
2130480,10
2130490,1
2130495,1
2130500,2
2130510,2
2130530,1
2130550,3
2130560,1
2130570,3
2130580,7
2130595,1
2130600,1
2130610,2
2130620,7
2130641,2
2130650,7
2130680,2
2130681,7
2130700,7
2130720,4
2130725,1
2130726,7
2130730,7
2130740,1
2130750,1
2130790,6
2130800,1
2130801,1
2130810,7
2130820,1
2130821,1
2130830,8
2130831,8
2130832,7
2130833,7
2130840,2
2130841,2
2130842,2
2130843,7
2130851,1
2130880,1
2140100,3
2140110,3
2140120,6
2140130,1
2140140,6
2140150,7
2140160,2
2140165,2
2140170,1
2140175,1
2140180,2
2140181,1
2140185,2
2140186,1
2140190,6
2140195,6
2140210,6
2140215,6
2140220,6
2140230,3
2140240,2
2140241,6
2140246,6
2140251,2
2140252,1
2140257,1
2140260,2
2140270,1
2140280,3
2140281,3
2140282,3
2140400,3
2140410,3
2140420,3
2140430,7
2140440,7
2140500,3
2140510,7
2140511,1
2140520,2
2140800,3
2140810,3
2140820,6
2140830,1
2140840,6
2140850,7
2140860,2
2140870,1
2140880,2
2140881,1
2140890,6
2140910,6
2140920,6
2140930,3
2140940,2
2140941,6
2140951,2
2140952,1
2140960,2
2140970,1
2140980,3
2140981,3
2140982,3
2150010,0
2150020,1
2180100,1
2180131,2
2180133,2
2180150,2
2180151,1
2180160,1
2180170,1
2180180,3
2180185,1
2180186,2
2180210,3
2180215,1
2180220,1
2180250,3
2180255,1
2180260,3
2180265,1
2180300,1
2180320,3
2180326,2
2180327,2
2180330,3
2180335,2
2180340,3
2180345,2
2190100,2
2190110,1
2190120,2
2190121,2
2190130,3
2190131,3
2190140,2
2190150,1
2190160,6
2190161,3
2190170,1
2190180,10
2190181,2
2190190,10
2190200,5
2190201,5
2190210,2
2190220,2
2190230,1
2190240,1
2190245,3
2190250,10
2190251,3
2190252,3
2190260,3
2190261,3
2190280,6
2190281,3
2190290,4
2190291,2
2190292,2
2190310,3
2190311,9
2190312,8
2190330,1
2190331,1
2190350,3
2190360,1
2190361,1
2190370,4
2190371,9
2190372,9
2190380,5
2190381,9
2190382,9
2190390,10
2190391,4
2190392,4
2190420,10
2190430,9
2190440,9
2190450,9
2190460,9
2190510,10
2190520,10
2190530,3
2200100,2
2200101,11
2200110,2
2200120,2
2200130,3
2200131,3
2200140,2
2200150,2
2200160,1
2200170,2
2200190,11
2200200,2
2200210,6
2200211,6
2200212,7
2200214,10
2200220,7
2200221,8
2200222,10
2200230,11
2200231,11
2200250,9
2200260,7
2200270,7
2200280,2
2200281,7
2200294,1
2200295,1
2200296,1
2200297,1
2200300,0
2200310,1
2200311,10
2200330,10
2200360,11
2200371,10
2200380,7
2200391,0
2200392,7
2200402,10
2200410,10
2200420,2
2200500,4
2200510,4
2270010,6
2270030,3
2270040,1
2270080,3
2270091,3
2270093,3
2270100,6
2270120,3
2270130,3
2270160,3
2270170,3
2270180,1
2270190,1
2270200,3
2270210,5
2270211,5
2270220,5
2270221,5
2270222,5
2271010,2
2271020,1
2271031,1
2271040,2
2500110,1
2500120,10
2500130,9
2500140,1
2500150,1
2500160,10
2500190,5
2500200,5
2500201,4
2500210,11
2500220,11
2500222,11
2500230,10
2500240,2
2500250,5
2500254,6
2500261,10
2500270,6
2500271,10
2500400,1
2500420,6
2500431,1
2500450,10
2500460,3
2500470,3
2500480,7
2500481,7
2500482,7
2500490,6
2500500,7
2500501,7
2500510,10
2500520,10
2500530,6
2500580,1
2500581,9
2500594,9
2500600,10
2500610,2
3000100,2
3000130,1
3000140,1
3000150,1
3000160,2
3000161,1
3000162,1
3000163,1
3000164,2
3000165,1
3000170,2
3000210,5
3000360,2
3000400,2
3000430,1
3000440,1
3000450,5
3000500,1
3000501,1
3010110,1
3010130,5
3010131,5
3010135,2
3010136,2
3010150,2
3010160,3
3010170,1
3010180,7
3010181,7
3010185,2
3010190,5
3010210,1
3010220,5
3010221,5
3010225,2
3010226,2
3010230,7
3010231,7
3010235,2
3010240,5
3010245,5
3010250,5
3010255,5
3010280,11
3010400,1
3010411,1
3010420,1
3010421,3
3010430,1
3010490,2
3010491,2
3010492,1
3010500,2
3010525,5
3010530,2
3010540,1
3010541,3
3010542,3
3010560,1
3010561,3
3010562,3
3010570,3
3010580,1
3010581,2
3010583,1
3010610,3
3010710,3
3010720,3
3010730,3
3010740,2
3010741,3
3010750,1
3010770,3
3010781,6
3010795,5
3010801,6
3010815,5
3010820,5
3010830,3
3010840,2
3010841,3
3010842,3
3010845,5
3010847,5
3010850,5
3010860,3
3010870,2
3010871,3
3010872,3
3010875,5
3010877,5
3010880,6
3010885,5
3010920,6
3010925,5
3020100,2
3020110,3
3020130,3
3020140,3
3020201,6
3050100,1
3050140,6
3050150,1
3050160,1
3050181,3
3050190,1
3050195,3
3050200,1
3050201,3
3050230,3
3050235,3
3050240,2
3050245,2
3050250,6
3050255,6
3050280,7
3050281,5
3050290,1
3050291,3
3050310,1
3050360,1
3050361,1
3050362,1
3050370,1
3050371,3
3050900,7
3050905,7
3050910,7
3050915,7
3050920,7
3050925,7
3060010,3
3060012,3
3060020,3
3060030,6
3060040,1
3060050,1
3060051,3
3060060,1
3060061,3
3060070,3
3060110,1
3060111,2
3060120,2
3060130,3
3060140,1
3060150,5
3060160,1
3060170,1
3060180,2
3060190,1
3060200,5
3060900,5
3060901,5
3061010,3
3061012,3
3061020,3
3061030,6
3061040,1
3061050,1
3061051,3
3061060,1
3061061,3
3061070,3
3061110,1
3061111,2
3061120,2
3061130,3
3061140,1
3061150,5
3061160,1
3061170,1
3061180,1
3061190,1
3061200,5
3061900,5
3061901,5
3070100,2
3070110,1
3070120,1
3070130,1
3070140,2
3070141,1
3070142,2
3070150,1
3070160,2
3070170,1
3070200,1
3070300,2
3070340,1
3070350,1
3070351,1
3070352,1
3070353,1
3070354,1
3070440,5
3070540,1
3070550,1
3070560,2
3070570,1
3080000,2
3080010,1
3080030,3
3080070,8
3080080,8
3080110,3
3080130,2
3080131,1
3080210,1
3080220,3
3080230,6
3080240,5
3080250,6
3080260,3
3080270,6
3100123,7
3100130,1
3100131,1
3100132,7
3100150,1
3100170,4
3100210,1
3100230,7
3100240,7
3100250,4
3100272,1
3100280,4
3100290,4
3100400,1
3150100,1
3150120,3
3150130,3
3150141,7
3150180,7
3150190,7
3150200,1
3150201,1
3150220,3
3150221,3
3150230,3
3150231,3
3150243,7
3150244,7
3150280,7
3150281,7
3150290,7
3150291,7
3150301,7
3150320,1
3150330,7
3150340,7
3150403,7
3150404,7
3150410,1
3150411,1
3150420,7
3150421,7
3150430,7
3150431,7
3150440,7
3150441,7
3150510,7
3150511,7
3160100,2
3160110,2
3160120,4
3160130,5
3170000,1
3170010,1
3170020,1
3170030,1
3170200,1
3170210,1
3170220,1
3170230,1
3170240,1
3170250,1
3170900,8
3180010,2
3180020,2
3180022,1
3180051,3
3180060,3
3181000,1
3181001,2
3181002,3
3181010,7
3181020,3
3181030,1
3181040,2
3181200,1
3181201,2
3181202,6
3181210,2
3181211,1
3181220,3
3181230,2
3181240,4
3181510,2
3200061,2
3250100,1
3250110,2
3250120,1
3250130,2
3250140,6
3250141,5
3250150,2
3250160,6
3250170,6
3250180,4
3250181,5
3250190,6
3250200,2
3250210,2
3250220,2
3250230,2
3250241,2
3250250,3
3250260,1
3250270,6
3250280,2
3250290,6
3250291,5
3250300,6
3250301,5
3250310,6
3250311,5
3250320,2
3250330,2
3250340,6
3250341,5
3250350,3
3250400,1
3250410,2
3250420,1
3250430,2
3250440,6
3250441,5
3250450,6
3250451,10
3250460,4
3250461,5
3250470,6
3250471,5
3250480,6
3250481,5
3250490,10
3250493,4
3250500,6
3250501,5
3250513,4
3250520,6
3250521,10
3250530,6
3250531,5
3250540,3
3250551,4
3250552,4
3251100,1
3251110,3
3251140,6
3251141,5
3251160,6
3251161,5
3251180,4
3251190,9
3251200,1
3251220,7
3251240,6
3251270,6
3251280,3
3251281,5
3251300,6
3251310,1
3251350,1
3251360,3
3251380,4
3251390,1
3251400,1
3251420,1
3251430,7
3251440,4
3251450,7
3251451,5
3251460,3
3251912,7
3251913,7
3252100,1
3252120,1
3252130,3
3252140,6
3252150,6
3252190,3
3252191,7
3252242,1
3252260,2
3252270,1
3252300,7
3252310,1
3252330,1
3252350,4
3252351,7
3252360,4
3252361,7
3252370,3
3252371,3
3252372,6
3252430,1
3252431,1
3252450,1
3252451,1
3252470,4
3252471,7
3252472,4
3252473,7
3252480,4
3252481,7
3252482,4
3252483,7
3300020,3
3300030,3
3300031,1
3300032,1
3300101,1
3300110,1
3300111,3
3300112,1
3300120,3
3300141,7
3300150,4
3300201,8
3300210,1
3300211,1
3300220,1
3300230,1
3300231,1
3310000,1
3310010,1
3310020,1
3310040,1
3310041,1
3310100,1
3310110,1
3310200,1
3310210,1
3310211,1
3310460,7
3310520,2
3310540,1
3310550,2
3310560,2
3320130,10
3320131,2
3320301,3
3330100,7
3330110,4
3350001,2
3350011,2
3350020,1
3350030,2
3350031,2
3350032,2
3350070,2
3350080,6
3350081,3
3350090,7
3350101,1
3350110,1
3350111,1
3350191,1
3350201,1
3350211,2
3350221,1
3350230,1
3350231,1
3350240,6
3350241,1
3350250,3
3350251,6
3350252,1
3350261,1
3350271,1
3350281,1
3350301,1
3350311,2
3350321,1
3350330,1
3350340,6
3350350,3
3350351,6
3350415,1
3350420,7
3350425,7
3350430,8
3350431,1
3350435,8
3350436,1
3350450,1
3350501,2
3350511,2
3350520,1
3350530,2
3350531,2
3350532,2
3350570,2
3350572,1
3350580,6
3350581,3
3350590,7
3350600,1
3350601,1
3350610,1
3350611,1
3350691,1
3360100,2
3360104,2
3360106,2
3360107,2
3360110,2
3360114,2
3360116,2
3360117,2
3360123,1
3360124,1
3360126,1
3360127,1
3360133,3
3360134,3
3360136,3
3360137,3
3360160,7
3360180,3
3360200,1
3360201,3
3360210,1
3360211,1
3360230,1
3360240,1
3360270,3
3360271,3
3360300,1
3360301,3
3360310,7
3360410,3
3360430,3
3360490,8
3370100,7
3370105,7
3370110,4
3370115,4
3370125,11
3370150,7
3370155,7
3400120,1
3400130,3
3400150,3
3400151,7
3400152,2
3400161,3
3400162,6
3400170,7
3400181,1
3400191,2
3400192,2
3400211,1
3400220,6
3400221,5
3400231,1
3400240,7
3400241,7
3400250,6
3400251,6
3400270,2
3400281,1
3400290,6
3400291,6
3400292,6
3400302,6
3400310,1
3400320,3
3400331,7
3400340,1
3400350,7
3400351,7
3400402,6
3400620,1
3400630,3
3400650,3
3400651,7
3400652,2
3400661,3
3400662,6
3400670,7
3400681,1
3400692,2
3400711,1
3400720,6
3400721,5
3400731,1
3400740,7
3400741,7
3400750,6
3400751,6
3400760,1
3400770,2
3400771,1
3400781,1
3400790,6
3400791,6
3400792,6
3400800,1
3400802,6
3400810,1
3400820,3
3400831,7
3400840,1
3400850,7
3400851,7
3400902,6
3450130,1
3450131,7
3450170,1
3450171,1
3450190,1
3450191,1
3450200,1
3450201,1
3450202,1
3450210,1
3450220,1
3450230,3
3450240,1
3450300,1
3450330,7
3450331,7
3451100,2
3451110,1
3451111,1
3451120,1
3451130,2
3451140,2
3451141,1
3451150,1
3451160,3
3451170,1
3451180,3
3460100,4
3460110,2
3460120,1
3460121,1
3460130,1
3460131,2
3460140,1
3460150,3
3460151,3
3460160,1
3460170,4
3460180,2
3460190,1
3460200,6
3460201,7
3460210,1
3460220,2
3460230,7
3460240,7
3460241,7
3470010,2
3470011,1
3470013,2
3470014,1
3470015,2
3470016,5
3470020,2
3470021,1
3470023,2
3470024,1
3470025,1
3470026,2
3470027,5
3470028,2
3470030,2
3470031,1
3470033,2
3470034,1
3470036,1
3470037,1
3470038,2
3470040,2
3470041,1
3470043,1
3470051,1
3470057,2
3470058,2
3470070,2
3470071,2
3470072,2
3470073,2
3470074,1
3470075,6
3470076,2
3470077,1
3470078,6
3470079,3
3500100,8
3500101,8
3500150,1
3500160,1
3500200,2
3500201,1
3500300,1
3500320,2
3500330,1
3500340,1
3500360,1
3500400,1
3500410,2
3500800,5
3500801,5
3500810,5
3510010,2
3510030,2
3510060,2
3510130,1
3510150,3
3510170,1
3510180,3
3510190,3
3510200,1
3510210,3
3510230,1
3510701,1
3510900,5
3510910,5
3550100,1
3550110,2
3550120,1
3550121,2
3550130,2
3550140,2
3550150,1
3550160,1
3550170,2
3550180,2
3550190,2
3550200,1
3550210,2
3550260,2
3550270,2
3550285,2
3550295,1
3560100,2
3560110,2
3560111,1
3560130,2
3560131,2
3560140,2
3560150,3
3560160,2
3560161,1
3560170,6
3560180,6
3560192,1
3560193,1
3560194,1
3560195,1
3560196,1
3560197,2
3560201,5
3560212,2
3560213,2
3560220,6
3560221,3
3560230,1
3560231,1
3560232,1
3560233,1
3560234,1
3560235,2
3560240,2
3560241,3
3560250,8
3560260,2
3560280,1
3560300,2
3560301,2
3560310,3
3560320,6
3560330,2
3560332,1
3560340,2
3560341,2
3560342,3
3570120,2
3570130,1
3570140,2
3570151,2
3570170,2
3570180,1
3570190,6
3570191,5
3570200,4
3570210,2
3570212,2
3570220,6
3570221,6
3570230,6
3570240,4
3570252,1
3570255,1
3570256,2
3570260,6
3570270,6
3570310,2
3570330,2
3570340,6
3570350,4
3570360,1
3570370,2
3570380,3
3570400,5
3570421,9
3600111,3
3600120,3
3600140,1
3600142,1
3600160,6
3600190,3
3600191,3
3600200,3
3600201,3
3600202,3
3600203,3
3600220,5
3600300,3
3600311,3
3600340,1
3600342,1
3600360,6
3600371,7
3600372,7
3600374,4
3600390,3
3600391,3
3600420,5
3600430,3
3600431,3
3600432,3
3610100,1
3610130,1
3610150,0
3620110,1
3620120,1
3620130,2
3630140,7
3630141,7
3630142,7
3630143,7
3630160,7
3650100,2
3650110,1
3650120,2
3650130,1
3650140,1
3650150,2
3650160,2
3650170,2
3650171,2
3650180,1
3650190,1
3650191,2
3650201,2
3650210,2
3650220,2
3650230,1
3650240,2
3650250,2
3650315,2
3650316,2
3650340,5
3650350,6
3650410,5
3650500,3
3650510,1
3650520,3
3650530,3
3650540,1
3650550,3
3650560,3
3650570,7
3650660,6
3650800,5
3650900,1
3660100,1
3660110,1
3660120,1
3660140,1
3660150,1
3660160,1
3660170,1
3660180,5
3660190,1
3660191,1
3660200,1
3660210,1
3660230,1
3660240,1
3660460,2
3660501,2
3660503,2
3660530,5
3661220,1
3661230,1
3661240,1
3661300,1
3661310,1
3661320,1
3661330,1
3661340,1
3661400,1
3661410,1
3661420,1
3661430,1
3661440,1
3661500,5
3661510,5
3661520,5
3661530,5
3661540,5
3661910,7
3662100,1
3662110,1
3662120,1
3662130,1
3662140,1
3662200,1
3662210,1
3662220,1
3662230,1
3662240,1
3662500,5
3662510,5
3662520,5
3662530,5
3662540,5
3662910,7
3664100,1
3664120,6
3664121,3
3664141,1
3664142,1
3664143,1
3664150,3
3664190,1
3664191,2
3664192,1
3664193,2
3664194,1
3664195,2
3664196,1
3664197,6
3670110,1
3670111,1
3670120,1
3670121,1
3670122,1
3670123,1
3670130,1
3670131,1
3670132,1
3670133,1
3670140,1
3670141,1
3670603,1
3670604,1
3670605,1
3670606,1
3700100,1
3700110,1
3700130,1
3700140,1
3700160,1
3700170,1
3700190,1
3700200,1
3700290,2
3700300,2
3700310,1
3700320,2
3700340,2
3700570,2
3700571,2
3700572,2
3700573,3
3702100,1
3702200,1
3702210,1
3702300,1
3702301,1
3702400,1
3702401,1
3702402,1
3702403,2
3702500,2
3702501,1
3702502,1
3702600,1
3702610,1
3702620,1
3703100,1
3703110,1
3703120,1
3703121,1
3703140,1
3703150,2
3703161,2
3703171,2
3703180,2
3703200,2
3704100,1
3704120,6
3704131,6
3704140,6
3704180,6
3704181,6
3704190,6
3704191,6
3730110,3
3750120,1
3750130,1
3750131,1
3750132,1
3750140,1
3750200,2
3750210,1
3750220,1
3750230,1
3750231,1
3750232,2
3750233,1
3750234,1
3750240,3
3750241,1
3750250,1
3750251,1
3750300,2
3750310,1
3750320,1
3750321,1
3750330,1
3750331,1
3750340,3
3750341,3
3800100,1
3800110,1
3800120,8
3800121,2
3800130,3
3800140,3
3800150,3
3800160,1
3800170,1
3800180,3
3800183,7
3800185,1
3800193,2
3800194,5
3800200,2
3800201,2
3800210,2
3800211,2
3800220,3
3800221,3
3800232,3
3800233,3
3800250,1
3800270,3
3800284,3
3800285,2
3800286,1
3800287,1
3800300,1
3800301,1
3800302,1
3800310,1
3800311,1
3800312,1
3810111,3
3810120,3
3810160,3
3810170,3
3810201,1
3810420,1
3850000,1
3850001,2
3850002,2
3850003,1
3850010,1
3850011,1
3850012,1
3850013,1
3850020,2
3850030,2
3850040,2
3850041,1
3850050,1
3850051,2
3850052,1
3850053,1
3850054,1
3850055,1
3850056,2
3850057,1
3850058,1
3850059,2
3850060,2
3850090,1
3850095,1
3850100,1
3850101,1
3850110,1
3850111,1
3850212,1
3850220,1
3850250,1
3850261,8
3850270,2
3850300,1
3850301,1
3860100,2
3860101,2
3860110,1
3860111,1
3860120,1
3860121,1
3860122,2
3860123,2
3860130,1
3860131,1
3860140,1
3860141,1
3860150,2
3860160,2
3860175,1
3860190,1
3860191,1
3860200,2
3860210,1
3860220,2
3860230,1
3860240,2
3860241,1
3860250,2
3860251,2
3860260,2
3860280,2
3860290,2
3860400,2
3860405,1
3900100,2
3900110,2
3900120,3
3900130,6
3900131,7
3900140,2
3900141,2
3900150,3
3900160,2
3900170,1
3900180,2
3900181,2
3900190,2
3900210,3
3900211,3
3900212,3
3900230,3
3900240,2
3900250,1
3900260,2
3900270,3
3900300,2
3900310,1
3900320,1
3900330,2
3900331,2
3900332,3
3900333,1
3900340,1
3900350,1
3900360,1
3900370,2
3900371,1
3900380,1
3900390,2
3900391,1
3900400,1
3900410,2
3900420,2
3900421,2
3900430,2
3900440,1
3901100,2
3901110,2
3901120,3
3901130,6
3901131,7
3901140,2
3901141,2
3901150,3
3901160,2
3901170,1
3901180,2
3901181,2
3901190,2
3901210,3
3901211,3
3901212,3
3901220,1
3901230,3
3901240,2
3901250,1
3901260,2
3901270,3
3901300,2
3901310,1
3901320,1
3901330,2
3901331,2
3901332,3
3901370,2
3901390,2
3901410,2
3901420,2
3901421,2
3901430,2
3901440,1
3910100,6
3910101,7
3910116,8
3910120,8
3910130,3
3910140,1
3910150,2
3910160,2
3910161,3
3910170,6
3910171,5
3910181,1
3910190,1
3910191,1
3910201,1
3910202,2
3910210,2
3910211,2
3910230,2
3910231,1
3910240,3
3910250,1
3910251,1
3910260,2
3910270,3
3910300,1
3910302,1
3910322,6
3910340,2
3910341,1
3910343,1
3910344,2
3910345,1
3910347,1
3910348,7
3910349,7
3910360,1
3910363,1
3910365,1
3910380,2
3910381,2
3910382,2
3910383,2
3950100,2
3950101,2
3950102,2
3950106,1
3950107,1
3950130,3
3950131,3
3950132,3
3950135,3
3950136,3
3950137,3
3950140,1
3950141,1
3950142,1
3950145,1
3950146,1
3950147,1
3950150,1
3950151,1
3950160,3
3950161,3
3950170,1
3950180,8
3950200,2
3950201,2
3950210,1
3950220,3
3950221,3
3950235,1
3950236,1
3950240,3
3950241,3
3950270,2
3950271,2
3950310,3
3950311,3
3950320,1
3950321,1
3950325,7
3950326,7
3950330,2
3950331,2
3950335,1
3950336,1
3950340,2
3950341,2
3950345,1
3950346,1
3950500,8
3950520,3
3950530,7
3950610,3
3950850,5
3970110,1
3970130,1
3970140,1
3970141,2
3970150,5
3970200,1
3970210,1
3970220,1
3970230,1
3970240,1
3970241,2
3970250,5
3970260,1
3970350,5
3970400,1
3970420,1
3970450,5
3970500,3
3970520,2
3970540,1
3970541,6
3970560,1
3970570,6
3970580,2
3970581,3
3970600,3
3970610,2
3970620,2
3970630,1
3970640,1
3970641,6
3970660,1
3970670,6
3970680,2
3970681,3
3970700,2
3970710,2
3970720,1
4000100,5
4000110,2
4000111,2
4000122,2
4000123,2
4000320,1
4000470,5
4000471,5
4000560,1
4000561,7
4000760,1
4000830,7
4000860,7
4000930,3
4000931,3
4000932,3
4000933,3
4000940,5
4000941,5
4000942,5
4000943,5
4020110,1
4020111,1
4020120,7
4020121,7
4020122,7
4020123,7
4020124,7
4020140,8
4020150,1
4020151,1
4020152,1
4020153,1
4020154,1
4020170,2
4020171,2
4020180,1
4020181,1
4020182,1
4020210,3
4020211,3
4020212,3
4020213,3
4020214,3
4020230,8
4050010,3
4050030,7
4050040,3
4050050,2
4050052,3
4050060,6
4050070,3
4050080,5
4050091,1
4050100,6
4050110,1
4050320,7
4050340,3
4050391,7
4050410,7
4050500,3
4050510,3
4050530,3
4050540,3
4050550,3
4050560,3
4050561,9
4050570,3
4050571,9
4050580,7
4050590,3
4050911,1
4060000,7
4060010,7
4060020,1
4060021,1
4060900,1
4070020,2
4070030,1
4070110,2
4070120,2
4070130,2
4070150,2
4070160,2
4080101,1
4080110,2
4080111,2
4080120,1
4080130,2
4080131,2
4090100,1
4090101,1
4090110,2
4090111,2
4090120,2
4090121,2
4090130,1
4090131,1
4090140,1
4090141,1
4090150,2
4090151,2
4090160,2
4090161,2
4090170,2
4090171,2
4090180,1
4090181,1
4090190,6
4090200,2
4090201,2
4100110,2
4100120,1
4100130,1
4100140,1
4100150,1
4100170,2
4100172,2
4100310,2
4100320,1
4100330,1
4100340,1
4100360,1
4100370,1
4100390,1
4100400,1
4100410,1
4100415,1
4100416,1
4101500,1
4101510,2
4101520,1
4101570,1
4110100,2
4110110,2
4110112,2
4110141,1
4110142,1
4120100,1
4120110,2
4120120,6
4120130,2
4120131,1
4120140,6
4120141,6
4120150,1
4120180,2
4120181,1
4120182,1
4130100,6
4130101,6
4130102,5
4130110,6
4130111,6
4130120,3
4130130,2
4130131,1
4130132,2
4130133,1
4130135,6
4130136,5
4130150,2
4130151,7
4130162,2
4130165,2
4130170,2
4130171,1
4130181,1
4130182,5
4130183,5
4130190,2
4130191,2
4130200,6
4130201,1
4130211,3
4130212,3
4130220,2
4130221,1
4130222,6
4130223,1
4130224,6
4130225,2
4130226,6
4130227,1
4130228,2
4130229,1
4130230,2
4130231,1
4130240,3
4130241,1
4130250,6
4130251,6
4130252,1
4130260,2
4130261,1
4130270,2
4130271,1
4140100,2
4140105,2
4140110,2
4140190,1
4140220,1
4140510,1
4140530,1
4140800,8
4160100,1
4160101,1
4160102,1
4160110,1
4160111,1
4160112,1
4160120,1
4160121,1
4160122,1
4160130,1
4160131,1
4160132,1
4160140,1
4160141,1
4160142,1
4160210,2
4160217,2
4161301,1
4161302,1
4161310,1
4161311,1
4161312,1
4161320,1
4161321,1
4161322,1
4161330,1
4161331,1
4161332,1
4161340,1
4161341,1
4161342,1
4161370,1
4161371,1
4161392,1
4161400,1
4161401,1
4161402,1
4161410,2
4161411,1
4161416,1
4161417,2
4170100,1
4170110,1
4170120,1
4170130,5
4170140,1
4170150,1
4171100,7
4171110,7
4171120,7
4171130,7
4171140,7
4171150,7
4171160,7
4171170,7
4171180,7
4171190,7
4180010,2
4180030,1
4190100,5
4190110,5
4190300,3
4191110,5
4191300,3
4192100,7
4192110,5
4192300,3
4200201,8
4200203,8
4200220,3
4200230,6
4200270,1
4200271,8
4200272,1
4200310,1
4200320,1
4200323,1
4201100,1
4201101,2
4201120,1
4201143,1
4201144,1
4201145,1
4201146,1
4201213,1
4201214,1
4201215,1
4201216,1
4201221,1
4201240,1
4201241,8
4201242,8
4201250,1
4201280,1
4201281,1
4210000,3
4210020,1
4210030,2
4210040,2
4210050,3
4210070,2
4210200,2
4210221,7
4210420,1
4210430,2
4210440,2
4210490,2
4210560,3
4220101,2
4220131,1
4220140,7
4220141,2
4220142,2
4220150,1
4220151,1
4220152,1
4220153,1
4220154,2
4220155,1
4220156,1
4220157,1
4220158,1
4220159,1
4220160,2
4220170,1
4220171,1
4220172,1
4220173,2
4220174,1
4220175,1
4220179,2
4220190,7
4220191,7
4220201,5
4220210,7
4220211,2
4220212,2
4220220,7
4220221,7
4220230,5
4220240,5
4220301,2
4220305,2
4220311,2
4220404,2
4220408,1
4220409,2
4220500,1
4220501,1
4220502,1
4220503,1
4220504,1
4220505,1
4220506,1
4220507,1
4220508,1
4220509,1
4220510,1
4220511,1
4220600,1
4220601,1
4220602,1
4220603,1
4220604,1
4220605,1
4220606,1
4220607,1
4220608,1
4220609,1
4220900,5
4220901,5
4230100,1
4240100,2
4240101,2
4240110,1
4240111,1
4240112,1
4240113,1
4240114,7
4240115,1
4240120,7
4240121,6
4240140,3
4240900,1
4241200,7
4241220,7
4241221,7
4241230,7
4241711,3
4250121,1
4250700,1
4260120,3
4260130,7
4260140,7
4260150,1
4260160,3
4260175,1
4260180,7
4260185,7
4260190,7
4260195,7
4260220,7
4260230,7
4260240,1
4260250,1
4260260,3
4260275,1
4260280,7
4260285,7
4260290,7
4260295,7
4260300,7
4260301,7
4260302,7
4260310,11
4260320,7
4260322,7
4260324,7
4260330,7
4260350,4
4260351,1
4260420,6
4260430,6
4270100,1
4270101,1
4270102,2
4270110,2
4270120,2
4270130,1
4270150,3
4270151,4
4270160,3
4270170,4
4270180,3
4270190,4
4270200,4
4270210,4
4270220,4
4270230,4
4270260,4
4270270,6
4270280,3
4270300,4
4270350,11
4280120,1
4280130,3
4280140,1
4280150,1
4280151,1
4280154,1
4280155,1
4280160,2
4280161,2
4280170,4
4290100,3
4290110,2
4290120,1
4290121,2
4290130,1
4290140,1
4290150,2
4290160,3
4290170,2
4290171,4
4290180,2
4290190,3
4300120,2
4300130,2
4300131,1
4300190,1
4300200,1
4300210,1
4300220,1
4300230,1
4300240,1
4300241,1
4300242,1
4300243,1
4300300,1
4300310,2
4300320,1
4300330,1
4300500,2
4300501,1
4300510,1
4300520,5
4300700,1
4310100,2
4310101,2
4310102,2
4310110,1
4310111,1
4310112,1
4310140,2
4310141,2
4310142,2
4310150,3
4310160,2
4310180,1
4310182,1
4310210,1
4310211,1
4310220,3
4310221,3
4310230,3
4310231,3
4310600,2
4310601,2
4310602,2
4310610,2
4310611,2
4310612,2
4310620,3
4310621,3
4310622,3
4310630,7
4310631,7
4310632,7
4310640,7
4310641,7
4310642,7
4310651,1
4310660,7
4310670,2
4310672,2
4310680,7
4310681,7
4310700,2
4310710,3
4310711,3
4310740,3
4310750,2
4310760,1
4310762,1
4321010,2
4321020,2
4321050,2
4321200,2
4321230,1
4321270,2
4321410,2
4321411,1
4321420,2
4321421,1
4321422,2
4321430,1
4321431,1
4321440,1
4321590,1
4321591,1
4321750,3
4340100,1
4340110,3
4340120,3
4340121,3
4340130,3
4340140,1
4340160,4
4340170,3
4340180,2
4340200,2
4340220,1
4340300,7
4340301,6
4340310,3
4340320,3
4340330,3
4340370,2
4340703,1
4340900,7
4340901,6
4340910,2
4340920,2
4340930,2
4340980,1
4341100,1
4341101,1
4341120,2
4341121,2
4341130,2
4341160,4
4341170,2
4341180,1
4341300,7
4341301,6
4341310,2
4341320,2
4341330,2
4341370,1
4350100,2
4350101,2
4350102,2
4350103,2
4350104,2
4350106,2
4350110,1
4350111,1
4350112,1
4350113,1
4350114,1
4350116,1
4350120,2
4350121,2
4350122,2
4350123,2
4350124,2
4350126,2
4350130,5
4350140,1
4350141,1
4350142,1
4350143,1
4350144,1
4350146,1
4350150,3
4350151,3
4350152,3
4350153,3
4350154,3
4350156,3
4350160,3
4350161,3
4350162,3
4350163,3
4350164,3
4350166,3
4350170,3
4350171,3
4350172,3
4350173,3
4350174,3
4350176,3
4350180,3
4350181,3
4350182,3
4350183,3
4350184,3
4350186,3
4350190,2
4350191,2
4350192,2
4350193,2
4350194,2
4350196,2
4350200,3
4350201,3
4350202,3
4350203,3
4350204,3
4350206,3
4350210,2
4350211,2
4350212,2
4350213,2
4350214,2
4350216,2
4350230,3
4350240,3
4350250,3
4350260,3
4350270,3
4350290,3
4350291,2
4350300,3
4350301,3
4350302,3
4350310,3
4350318,2
4350320,7
4350330,5
4350340,6
4350341,6
4350350,1
4350402,1
4350411,1
4350412,1
4350413,1
4350414,1
4350416,1
4350420,1
4350421,1
4350422,1
4350423,1
4350424,1
4350426,1
4350430,2
4350431,2
4350432,2
4350433,2
4350434,2
4350436,2
4350440,1
4350441,1
4350442,1
4350443,1
4350444,1
4350452,1
4350460,2
4350461,2
4350462,2
4350463,2
4350464,2
4350466,2
4350470,1
4350471,1
4350472,1
4350473,1
4350474,1
4350482,1
4350492,1
4350493,1
4350494,1
4350496,1
4350500,1
4350501,1
4350502,1
4350503,1
4350512,1
4350516,1
4350520,2
4350521,2
4350522,2
4350523,2
4350524,2
4350526,2
4350530,1
4350531,1
4350532,1
4350540,8
4350541,8
4350542,1
4350543,2
4350551,2
4350560,7
4350573,2
4350580,7
4350590,5
4350600,9
4350601,9
4350650,7
4350655,7
4350660,7
4350670,7
4350671,7
4350700,2
4350701,2
4350702,2
4350703,2
4350704,2
4350706,2
4350710,2
4350711,2
4350712,2
4350713,2
4350714,2
4350716,2
4350720,2
4350721,2
4350722,2
4350723,2
4350724,2
4350726,2
4350730,2
4350731,2
4350732,2
4350733,2
4350734,2
4350736,2
4350740,2
4350741,2
4350742,2
4350743,2
4350744,2
4350746,2
4350750,1
4350751,1
4350752,1
4350753,1
4350754,1
4350756,1
4350760,3
4350761,3
4350762,3
4350763,3
4350764,3
4350766,3
4350770,3
4350771,3
4350772,3
4350773,3
4350774,3
4350776,3
4350793,3
4350800,3
4350801,3
4350810,2
4350811,1
4360100,6
4360110,7
4370100,1
4370130,2
4370131,8
4370200,2
4370240,2
4370260,2
4370270,8
4370280,8
4370290,1
4370310,2
4370505,1
4370506,1
4370510,1
4370511,1
4370512,2
4370513,2
4370515,1
4370516,1
4370517,1
4370518,1
4370601,1
4370610,1
4370611,1
4370620,5
4370621,5
4370702,2
4370703,2
4370720,5
4370721,5
4380120,2
4380130,1
4380150,5
4380162,3
4380172,1
4380182,1
4380192,1
4380220,2
4380230,1
4380240,1
4380241,1
4380252,5
4380253,5
4380260,3
4380261,5
4380271,3
4380280,3
4380281,5
4381110,1
4381111,1
4381120,2
4381130,1
4381150,1
4381151,1
4381162,2
4381164,2
4381170,5
4381171,5
4381172,5
4381173,5
4381182,3
4381210,3
4382111,1
4382120,1
4382121,1
4382130,2
4382131,2
4382160,1
4382190,1
4382192,1
4382210,1
4382240,1
4382280,1
4382290,1
4382291,1
4382300,7
4383100,1
4383110,1
4383120,2
4383130,1
4383140,1
4383150,1
4383170,8
4383171,8
4383172,8
4383173,8
4383180,8
4383181,8
4383182,8
4383183,8
4383184,8
4383185,8
4383186,8
4384120,2
4384141,2
4384150,2
4384151,2
4384160,8
4384162,2
4385320,5
4410100,3
4410110,3
4410111,3
4410120,6
4410130,3
4410131,7
4410140,3
4410150,3
4410180,4
4410190,3
4410191,4
4410200,3
4410203,3
4410205,3
4410207,3
4410208,4
4410300,4
4410301,4
4420120,3
4420130,3
4420140,1
4420150,1
4420151,1
4420160,2
4420170,3
4420180,3
4420190,2
4420200,4
4420210,7
4420420,3
4420430,3
4420440,1
4420450,1
4420451,1
4420460,2
4420470,3
4420480,3
4420490,2
4420500,4
4420510,7
4430110,1
4430120,1
4430140,6
4430141,6
4430142,6
4430143,6
4430150,2
4430151,2
4430160,2
4430161,2
4430162,2
4430163,2
4430164,2
4430165,2
4430170,2
4430171,2
4430181,1
4430182,1
4430200,7
4430300,7
4440120,2
4440121,1
4440122,2
4440123,1
4440130,3
4440131,3
4440900,5
4440901,5
4441220,7
4441221,7
4441222,7
4441223,7
4441224,6
4441230,3
4441231,3
4441910,5
4441911,5
4442320,7
4442321,7
4442322,7
4442323,7
4442324,6
4442330,3
4442331,3
4442910,5
4442911,5
4450000,6
4450010,6
4450020,6
4450030,6
4450040,6
4450050,5
4450200,5
4450210,8
4450220,1
4450240,9
4450300,5
4450310,5
4450320,5
4450330,5
4460010,4
4460011,4
4460021,6
4460100,5
4460110,7
4460120,5
4460125,7
4460130,5
4460135,7
4460800,4
4470100,2
4470101,2
4470102,2
4470103,2
4470110,2
4470111,2
4470112,2
4470113,2
4470120,2
4470121,1
4470130,1
4470131,2
4470140,6
4470150,6
4470151,1
4470152,1
4470153,1
4470154,1
4470155,1
4470156,1
4470160,2
4470161,2
4470162,2
4470163,2
4470164,2
4470170,2
4470171,2
4470172,2
4470173,2
4470174,2
4470175,2
4470180,1
4470181,1
4470182,1
4470183,1
4470184,1
4470250,6
4470251,2
4470252,2
4470253,2
4470254,2
4470255,2
4470256,2
4470257,2
4470260,6
4470261,2
4470262,2
4470263,2
4470264,2
4470265,2
4470266,2
4470267,2
4470275,1
4470276,1
4470280,1
4470281,1
4470282,1
4470283,1
4470290,6
4470291,1
4470292,1
4470293,1
4470300,6
4470301,1
4470302,1
4470303,1
4470304,1
4470320,1
4470321,1
4470322,1
4470323,1
4470324,1
4470325,1
4470330,6
4470331,2
4470332,2
4470333,2
4470334,2
4470335,2
4470336,2
4470337,2
4470338,2
4470339,2
4470340,2
4470341,2
4470342,2
4470343,2
4470344,2
4470345,2
4470346,2
4470347,2
4470348,2
4470349,2
4470350,2
4470360,6
4470361,2
4470362,2
4470363,2
4470364,2
4470365,2
4470366,2
4470367,2
4470368,2
4470369,2
4470370,2
4470371,2
4470372,2
4470373,2
4470374,2
4470375,2
4470376,2
4470377,2
4470378,2
4470379,2
4470380,2
4470400,2
4470401,2
4470402,2
4470403,2
4470410,2
4470411,2
4470412,2
4470413,2
4470414,2
4470415,2
4470416,2
4470417,2
4470418,2
4470419,2
4470420,2
4470421,2
4470422,2
4470423,2
4470430,2
4470431,1
4470440,2
4470441,2
4470442,2
4470443,2
4470444,2
4470450,2
4470451,2
4470452,2
4470453,2
4470454,2
4470460,2
4470461,2
4470462,2
4470463,2
4470464,2
4470465,2
4470466,2
4470467,2
4470468,2
4470469,2
4470470,2
4470471,2
4470472,2
4470473,2
4470474,2
4470475,2
4470476,2
4470480,2
4470481,2
4470490,6
4470491,2
4470492,2
4470493,2
4470494,2
4470495,2
4470496,2
4470497,2
4470510,1
4470511,1
4470512,1
4470513,1
4470514,1
4470520,6
4470521,1
4470522,1
4470523,1
4470530,6
4470531,1
4470532,1
4470533,1
4470534,1
4470540,2
4470541,6
4470551,6
4470560,2
4470561,6
4470571,6
4470573,1
4470574,1
4470600,6
4470601,6
4470620,1
4470621,1
4470622,1
4470630,6
4470631,2
4470632,2
4470633,2
4470634,2
4470635,1
4470636,1
4470637,1
4470638,1
4470639,1
4470640,1
4470645,6
4470646,2
4470647,2
4470648,2
4470649,2
4470660,6
4470661,2
4470662,2
4470663,2
4470664,2
4470665,2
4470666,2
4470667,2
4470668,2
4470669,2
4470670,2
4470671,2
4470672,2
4470673,2
4470674,2
4470680,6
4470681,2
4470682,2
4470683,2
4470684,2
4470685,2
4470686,2
4470687,2
4470688,2
4470689,2
4470690,2
4470691,2
4470692,2
4470693,2
4470694,2
4480100,6
4480130,0
4480180,7
4480181,1
4480182,3
4480183,3
4480184,1
4480185,3
4480186,1
4480187,7
4480500,7
4480510,7
4480520,7
4480530,7
4481500,5
4481510,5
4481520,5
4481530,5
4481705,7
4490120,6
4490130,2
4490131,2
4490132,2
4490133,2
4490134,2
4490140,4
4490150,2
4490160,6
4490161,6
4490180,9
4490181,9
4491210,1
4491220,1
4491230,2
4491231,1
4491232,2
4491233,1
4491234,1
4491240,2
4491300,3
4500100,11
4500101,11
4500110,11
4500120,4
4500130,4
4500150,7
4500151,5
4500160,7
4500161,5
4500170,7
4500180,7
4500190,9
4500200,4
4500201,7
4500210,4
4500211,7
4500230,11
4500231,11
4500232,11
4500240,11
4500241,11
4500242,11
4500251,4
4500260,4
4500290,11
4500291,11
4500292,11
4500300,11
4500301,11
4500302,11
4500330,11
4500331,11
4500332,11
4500340,11
4500341,11
4500342,11
4501100,11
4501101,11
4501110,11
4501120,4
4501130,4
4501150,7
4501151,5
4501160,7
4501161,5
4501170,7
4501180,7
4501190,9
4501200,4
4501201,7
4501210,4
4501211,7
4501230,11
4501231,11
4501232,11
4501240,11
4501241,11
4501242,11
4501251,4
4501260,4
4501290,11
4501291,11
4501292,11
4501300,11
4501301,11
4501302,11
4501330,11
4501331,11
4501332,11
4501340,11
4501341,11
4501342,11
4502100,11
4502101,11
4502110,11
4502120,4
4502130,4
4502150,7
4502151,5
4502160,7
4502161,5
4502170,7
4502180,7
4502190,9
4502200,4
4502201,7
4502210,4
4502211,7
4502230,11
4502231,11
4502232,11
4502240,11
4502241,11
4502242,11
4502251,4
4502260,4
4502290,11
4502291,11
4502292,11
4502300,11
4502301,11
4502302,11
4502330,11
4502331,11
4502332,11
4502340,11
4502341,11
4502342,11
4502460,3
4502461,3
4503100,11
4503101,11
4503110,11
4503120,4
4503130,4
4503150,7
4503151,5
4503160,7
4503161,5
4503170,7
4503180,7
4503190,9
4503200,4
4503201,7
4503210,4
4503211,7
4503230,11
4503231,11
4503232,11
4503240,11
4503241,11
4503242,11
4503251,4
4503260,4
4503290,11
4503291,11
4503292,11
4503300,11
4503301,11
4503302,11
4503330,11
4503331,11
4503332,11
4503340,11
4503341,11
4503342,11
4503470,8
4503471,8
4503480,8
4510100,6
4510101,7
4510110,6
4510120,7
4510130,7
4510140,6
4510150,7
4510160,6
4510161,7
4510170,10
4510191,5
4510200,11
4510240,3
4510241,3
4510250,3
4510251,3
4510252,3
4510253,3
4510260,10
4510270,10
4510280,10
4510290,11
4510300,10
4510310,10
4510320,10
4510330,11
4510340,11
4510350,6
4510360,7
4510370,7
4510380,10
4510390,2
4510400,6
4510401,7
4510410,6
4510420,7
4510430,7
4510440,6
4510650,6
4510660,7
4510800,10
4510801,10
4510810,10
4510820,10
4510900,5
4510910,2
4510920,7
4510922,7
4510923,10
4520100,10
4520101,10
4520110,10
4520111,10
4520120,10
4520130,10
4520160,10
4520170,10
4520171,10
4520180,3
4520181,3
4520190,3
4520191,3
4520200,1
4520201,1
4520210,10
4520220,10
4520240,10
4520241,10
4520250,10
4520270,9
4520280,10
4520281,10
4520290,10
4520291,10
4520320,10
4520325,10
4520330,0
4520340,10
4520345,10
4520351,5
4520361,5
4520390,3
4520391,3
4520400,3
4520401,3
4520410,3
4520411,3
4520430,10
4520431,10
4520450,10
4520451,10
4520500,11
4520550,10
4520555,5
4520900,3
4520950,10
4550100,1
4550101,3
4550110,2
4550111,3
4550120,3
4550130,4
4550131,7
4550140,7
4550150,7
4550160,6
4550161,6
4550170,2
4550171,1
4550172,3
4550174,2
4550175,3
4550176,3
4550177,3
4550178,3
4550180,7
4550190,6
4550200,6
4550201,7
4550210,1
4550211,2
4550212,2
4550213,1
4550214,3
4550220,6
4550221,1
4550240,4
4550241,7
4550370,2
4560110,3
4560130,1
4560131,1
4560132,3
4560133,1
4560150,3
4560160,6
4560180,6
4560190,3
4560200,6
4560210,6
4560250,1
4560251,1
4560252,1
4560253,5
4560500,5
4560510,3
4570100,1
4570101,1
4570120,6
4570121,6
4570130,6
4570131,6
4570140,6
4570160,1
4570161,1
4570170,1
4570171,1
4570180,1
4570181,1
4570190,1
4570191,1
4570192,1
4570193,1
4570194,1
4570200,1
4570210,1
4570211,1
4570220,1
4570221,1
4580100,6
4580110,6
4580120,1
4580121,1
4580130,1
4580131,1
4580132,1
4580133,1
4580150,6
4580151,6
4580160,6
4580161,6
4580162,6
4580164,6
4580170,6
4580180,6
4580190,1
4580191,1
4580200,1
4580201,1
4580210,6
4580220,1
4580230,6
4580240,6
4580270,1
4580271,1
4600100,6
4600101,5
4600102,6
4600103,5
4600110,7
4600120,6
4600121,7
4600130,6
4600131,5
4600140,6
4600141,5
4600150,7
4600160,3
4600170,6
4600171,5
4600180,6
4600181,5
4600190,6
4600191,6
4600192,6
4600200,6
4600201,6
4600202,4
4600210,6
4600211,5
4600220,6
4600221,6
4600230,7
4600240,7
4600250,6
4600251,7
4600260,6
4600261,7
4600270,6
4600271,6
4600300,7
4600310,6
4600311,5
4600312,7
4600313,7
4600314,7
4600320,6
4600321,7
4600322,7
4600330,6
4600331,5
4600332,7
4600333,7
4600334,7
4600340,6
4600341,6
4600342,7
4600343,6
4600344,5
4600345,6
4600346,6
4600347,7
4600348,6
4600349,6
4600350,2
4600351,5
4600352,2
4600353,7
4600354,7
4600355,7
4600360,7
4600361,6
4600362,7
4600370,6
4600372,6
4600380,6
4600381,5
4600383,9
4600390,7
4600400,6
4600401,6
4600402,4
4600410,6
4600411,7
4600420,6
4600421,6
4600422,7
4600430,6
4600431,6
4600433,6
4600440,7
4600441,6
4600442,6
4600443,6
4600444,6
4600445,6
4600446,6
4600447,6
4600448,5
4600449,4
4600450,5
4600451,4
4600452,4
4600453,4
4600460,6
4600461,6
4600462,9
4600463,5
4600466,9
4600470,6
4600471,5
4600500,7
4600510,6
4600511,7
4600512,7
4600520,7
4600530,6
4600531,7
4600532,6
4600533,7
4600540,7
4600550,6
4600551,7
4600560,6
4600570,6
4600571,7
4600573,9
4600580,7
4600590,6
4600591,4
4600600,6
4600601,7
4600610,6
4600611,7
4600620,6
4600700,2
4600701,2
4600702,2
4600703,2
4600704,2
4600710,2
4600711,2
4600712,2
4600720,2
4600721,2
4600722,2
4600730,2
4600731,2
4600732,2
4600750,11
4600770,7
4600771,7
4600970,11
4600971,11
4620100,3
4620110,7
4620120,7
4620140,7
4620150,7
4620151,7
4620160,7
4620161,7
4620170,7
4620180,3
4620190,7
4620191,7
4620200,4
4620201,4
4620202,4
4620230,7
4620240,7
4620262,6
4620270,7
4620290,7
4620330,7
4620340,7
4620341,7
4620350,7
4620360,7
4620510,7
4620560,7
4620561,7
4620800,3
4620810,3
4620820,3
4630110,2
4630120,6
4630121,6
4630140,7
4630150,7
4630170,7
4630200,2
4630210,4
4630220,2
4630230,6
4630231,6
4630240,4
4630250,1
4630260,2
4630410,2
4630411,1
4640110,3
4640120,1
4640140,11
4640145,11
4640150,11
4640155,11
4640200,4
4640250,6
4640260,1
4640270,1
4640280,9
4640285,10
4640290,4
4640300,4
4640310,4
4640315,11
4640370,3
4640380,2
4640420,3
4640421,3
4640480,9
4640485,10
4640490,4
4640495,11
4640510,3
4640515,3
4640520,1
4640525,1
4640540,11
4640550,11
4640600,4
4640605,4
4640650,6
4640655,6
4640660,1
4640665,1
4640670,1
4640675,1
4640680,9
4640690,4
4640695,4
4640700,4
4640705,4
4640710,4
4640715,11
4640770,3
4640775,3
4640780,2
4640785,2
4640820,3
4640821,3
4640825,3
4640826,3
4640901,5
4640911,5
4640912,5
4640913,5
4640914,5
4650100,4
4650110,4
4650120,1
4650130,6
4650132,5
4650140,6
4650141,5
4650151,4
4650152,5
4650160,2
4650161,9
4650162,5
4650170,7
4650180,6
4650181,7
4650182,5
4650191,2
4650192,4
4650193,7
4650194,5
4650200,6
4650201,5
4650210,5
4650220,6
4650221,5
4650230,6
4650231,5
4650240,10
4650250,6
4650251,6
4650252,6
4650253,9
4650254,7
4650256,9
4650260,6
4650261,6
4650262,6
4650263,9
4650264,7
4650266,9
4650270,6
4650271,5
4650280,6
4650281,5
4650290,6
4650291,6
4650292,6
4650293,6
4650294,6
4650295,6
4650296,6
4650298,5
4650299,5
4650300,5
4650301,5
4650400,4
4650410,4
4650420,1
4650430,6
4650431,2
4650432,1
4650440,6
4650441,1
4650450,1
4650451,4
4650452,1
4650460,2
4650461,9
4650462,1
4650470,7
4650480,6
4650481,7
4650482,1
4650491,2
4650492,4
4650493,7
4650494,1
4650500,6
4650501,6
4650502,1
4650503,2
4650514,7
4650580,6
4650581,6
4650582,1
4650583,2
4650594,7
4650660,6
4650661,1
4650670,5
4650680,6
4650681,1
4650690,6
4650691,6
4650692,6
4650693,9
4650694,7
4650696,9
4650700,6
4650701,6
4650702,6
4650703,9
4650704,7
4650706,9
4650710,6
4650711,10
4650712,4
4650720,2
4650731,7
4650780,6
4650781,1
4650790,6
4650791,1
4650800,6
4650801,6
4650802,6
4650803,6
4650804,6
4650805,6
4650806,6
4650808,1
4650809,1
4650810,1
4650811,1
4650821,10
4650822,10
4650826,1
4650827,1
4660100,6
4660101,3
4660105,6
4660106,3
4660110,7
4660115,7
4660120,6
4660125,6
4660130,6
4660131,7
4660135,6
4660136,7
4660140,4
4660141,4
4660145,4
4660146,4
4660150,6
4660151,3
4660152,9
4660153,6
4660155,6
4660156,3
4660160,4
4660161,4
4660165,4
4660310,11
4660311,11
4660330,3
4660500,4
4660501,7
4660505,4
4660506,7
4660600,5
4660610,2
4660741,7
4660750,7
4660751,7
4660752,7
4660755,7
4660756,7
4660757,7
4670100,1
4670110,2
4670120,1
4670121,4
4670122,3
4670130,4
4670140,9
4670150,7
4670160,11
4670170,1
4670180,3
4670181,3
4670210,4
4670220,4
4670230,6
4670240,4
4670251,4
4670253,4
4670260,4
4670261,4
4670262,4
4670291,4
4670310,1
4670320,2
4670350,4
4670360,1
4670370,6
4670372,4
4670390,4
4670391,4
4680100,1
4680110,3
4680120,6
4680121,6
4680130,9
4680131,9
4680140,7
4680141,2
4680150,3
4680151,2
4680160,3
4680180,6
4680185,2
4680190,6
4680191,7
4680195,7
4680200,6
4680201,7
4680205,7
4680220,3
4680250,2
4680263,6
4680281,9
4680285,5
4680295,2
4680300,7
4680320,2
4680330,7
4680340,7
4680350,3
4680370,6
4680455,9
4690100,2
4690101,2
4690105,2
4690106,2
4690110,1
4690115,1
4690116,1
4690120,1
4690121,2
4690125,1
4690126,2
4690130,6
4690131,6
4690135,6
4690136,6
4690140,1
4690160,6
4690165,6
4690170,1
4690175,1
4690180,6
4690181,2
4690190,2
4690195,2
4690212,7
4690217,7
4690220,7
4690221,7
4690225,7
4690226,7
4690231,3
4690236,3
4690240,2
4690260,3
4690261,3
4690265,3
4690266,3
4690271,1
4690272,7
4690273,7
4690275,1
4690276,1
4690277,7
4690278,7
4690280,1
4690281,1
4690285,1
4690286,1
4690290,2
4690291,2
4690292,7
4690293,7
4690295,2
4690296,2
4690297,7
4690298,7
4690303,6
4690308,6
4690310,3
4690320,1
4690321,1
4690322,1
4690323,1
4690325,1
4690326,1
4690327,1
4690328,1
4690330,1
4690331,1
4690335,1
4690336,1
4690980,6
4690985,7
4710100,2
4710101,3
4710102,6
4710110,3
4710120,4
4710130,3
4710131,3
4710132,4
4710140,6
4710142,6
4710143,1
4710150,6
4710152,6
4710153,3
4710160,3
4710170,7
4710180,2
4710190,3
4710200,6
4710300,7
4710301,7
4710302,4
4710303,7
4710310,7
4710311,7
4710320,4
4710330,7
4710331,7
4710340,3
4710341,6
4710350,3
4710360,7
4710370,4
4710380,4
4710391,9
4710500,7
4710510,3
4710530,3
4710540,3
4710550,9
4710555,7
4710560,9
4710570,3
4710600,1
4710610,4
4710611,4
4710700,7
4710730,7
4720100,6
4720101,2
4720110,2
4720111,6
4720114,2
4720120,1
4720130,1
4720140,10
4720150,10
4720160,3
4720170,6
4720171,2
4720180,1
4720182,10
4720190,6
4720191,9
4720192,7
4720193,7
4720194,9
4720203,9
4720220,10
4720230,6
4720231,9
4720240,2
4720250,7
4720251,5
4720260,2
4720271,2
4720280,6
4720290,1
4720300,1
4720320,6
4720321,5
4720330,2
4720340,2
4720341,2
4720350,6
4720360,6
4720370,6
4720380,6
4720400,3
4721100,1
4721110,1
4721111,2
4721120,2
4721130,6
4721150,6
4721160,2
4721170,4
4721180,2
4721191,2
4721192,1
4721193,2
4721195,2
4721196,9
4721200,9
4721210,6
4721220,2
4721230,9
4721260,6
4721300,6
4721301,6
4721330,1
4721331,2
4721340,9
4721360,6
4721370,2
4721380,2
4721381,1
4721382,6
4721410,6
4721430,6
4721432,9
4721440,6
4721441,2
4721450,6
4721460,6
4721461,6
4721462,9
4721470,7
4721471,7
4721472,9
4721481,9
4721600,3
4730100,6
4730101,6
4730110,2
4730120,7
4730130,2
4730140,7
4730150,6
4730151,6
4730160,1
4730170,2
4730180,2
4730190,1
4730191,1
4730200,2
4730210,2
4730211,2
4730220,2
4730221,2
4730222,7
4730224,2
4730226,7
4730230,2
4730231,2
4730232,7
4730234,2
4730236,7
4730240,7
4730250,7
4730260,1
4730270,2
4730280,7
4730290,7
4730300,6
4730310,2
4730320,2
4730330,6
4730340,2
4730341,1
4730342,2
4730343,2
4730344,2
4730345,2
4730346,2
4730348,1
4730350,6
4730360,1
4730361,2
4730362,1
4730363,1
4730364,2
4730365,2
4730366,7
4730368,7
4730370,6
4730371,6
4730410,2
4730411,2
4730440,1
4730450,2
4730460,2
4730470,2
4730480,3
4730481,3
4730482,3
4730483,3
4730484,3
4730485,3
4730500,8
4730501,8
4730502,8
4730503,8
4730504,8
4730505,8
4730506,8
4730507,8
4730510,2
4730511,1
4730512,1
4730513,2
4730515,2
4730520,6
4730521,6
4730530,2
4730540,7
4730550,2
4730560,7
4730570,6
4730571,6
4730580,1
4730590,2
4730600,2
4730610,1
4730611,1
4730620,2
4730630,2
4730631,2
4730640,2
4730641,2
4730642,7
4730644,2
4730650,2
4730651,2
4730652,7
4730654,2
4730660,7
4730670,7
4730680,1
4730690,2
4730700,7
4730710,7
4730720,6
4730730,2
4730740,2
4730760,1
4730761,2
4730762,1
4730763,1
4730764,2
4730765,2
4730766,7
4730770,1
4730780,2
4730790,2
4730800,2
4730810,2
4730811,1
4730812,1
4730813,2
4730815,2
4750111,1
4750112,1
4750140,3
4750160,3
4750170,1
4750190,7
4750220,11
4750225,6
4750230,11
4750250,11
4750260,1
4750262,11
4750280,6
4750281,3
4750330,1
4750340,1
4750350,6
4750371,9
4750380,6
4750390,2
4750392,2
4750395,2
4750400,2
4750402,2
4750405,2
4750406,3
4750410,3
4750412,6
4750413,9
4750415,6
4750450,7
4750451,7
4750470,7
4750471,7
4750490,7
4750496,1
4750550,3
4750552,6
4750553,9
4750562,3
4750566,6
4760000,6
4760001,6
4760030,6
4760031,6
4760040,6
4760050,9
4760051,9
4760060,6
4760061,6
4760062,5
4760070,6
4760071,6
4760090,11
4760100,6
4760101,6
4760110,6
4760131,6
4760140,6
4760141,6
4760142,6
4760143,6
4760144,6
4760145,6
4760146,6
4760147,6
4760170,6
4760171,5
4760180,6
4760181,6
4760182,6
4760183,6
4760184,6
4760185,6
4760186,6
4760187,6
4760190,6
4760191,6
4760192,5
4760200,11
4760210,11
4760240,6
4760241,6
4760250,6
4760251,6
4760260,6
4760262,6
4760263,6
4760264,6
4760265,6
4760280,11
4760301,6
4760302,6
4760310,6
4760311,6
4760312,6
4760313,6
4760314,6
4760315,6
4760340,11
4760360,6
4760361,6
4760370,6
4760371,6
4760372,6
4760373,6
4760374,6
4770100,2
4770110,1
4770120,3
4770150,1
4770160,6
4770180,1
4770190,3
4770210,1
4770230,1
4770231,2
4770232,1
4770234,4
4770240,9
4770250,3
4770251,4
4770252,5
4770261,3
4770270,2
4770280,2
4770290,3
4770300,3
4770321,3
4770322,9
4770335,7
4770336,7
4770350,3
4770351,3
4770352,9
4770360,4
4770380,0
4770381,3
4770382,9
4770390,3
4770391,3
4770392,9
4770420,6
4770421,7
4770430,6
4770431,10
4770500,3
4770501,3
4770510,4
4770511,9
4770520,3
4770530,1
4770540,1
4770541,7
4770550,4
4770553,5
4770554,5
4770555,5
4770590,7
4770600,6
4770605,5
4770620,3
4770630,6
4770635,5
4770650,1
4770651,1
4770652,1
4770662,1
4770663,1
4770690,9
4770691,9
4770720,1
4770721,1
4770730,3
4770732,9
4770740,7
4770741,7
4770750,4
4770751,0
4770752,9
4770760,7
4770761,7
4770770,7
4770771,7
4770780,6
4770800,6
4770820,4
4770823,5
4770824,5
4770825,5
4770830,1
4770831,1
4770842,10
4770880,4
4770901,5
4770905,5
4770911,5
4770930,10
4800040,7
4800125,1
4800135,1
4800145,1
4800160,1
4800170,7
4800180,6
4800190,7
4800195,7
4800200,3
4800201,7
4800210,7
4800220,7
4800230,7
4800240,2
4800260,8
4800310,6
4800330,7
4800340,6
4800342,5
4800345,2
4800350,3
4800360,1
4800370,6
4800390,9
4800395,6
4800400,7
4800435,7
4800560,1
4800570,7
4800580,6
4800590,7
4800600,3
4800601,7
4800620,7
4800630,7
4800710,6
4800740,6
4800742,5
4800745,2
4800750,3
4800760,1
4800770,6
4800790,9
4800795,6
4800800,7
4800835,7
4800900,4
4810100,6
4810110,6
4810120,4
4810130,1
4810150,1
4810160,6
4810163,10
4810168,2
4810170,4
4810183,10
4810200,4
4810210,4
4810220,6
4810265,1
4810269,0
4820120,7
4820130,1
4820140,6
4820150,1
4820180,10
4820190,10
4820191,10
4910100,7
4910110,3
4910180,7
4910181,7
4910200,7
4910241,6
4910260,4
4910280,7
4910281,7
4910291,7
4910300,7
4910340,7
4910512,3
4910513,11
4910515,11
4910520,3
4950100,7
4950105,7
4950110,1
4950130,7
4950135,7
4950140,1
4950180,1
4950181,7
4950185,7
4950225,3
4960100,6
4960105,6
4960110,7
4960115,7
4960120,7
4960125,7
4960130,6
4960135,6
4960150,6
4960155,6
4960500,7
4960505,7
4960520,7
4960525,7
4960530,6
4960531,7
4960532,7
4960533,6
4960535,6
4960536,7
4960537,7
4960538,6
4960540,6
4960541,6
4960545,6
4960546,6
4960800,7
4960830,7
4960900,7
4980100,2
4980110,1
4980120,1
4980130,1
4980140,1
4980150,2
4980160,1
4980170,1
4980180,1
4980190,1
4980220,2
4980230,1
4980250,1
4980260,1
4980270,1
4980290,7
4980291,7
4980310,7
4980311,7
4980320,7
4980321,7
4980322,7
4980400,2
4980410,1
4980411,7
4980420,1
4980421,2
4980430,1
4980431,2
4980432,1
4980433,2
4980440,1
4980441,2
4980450,2
4980460,1
4980470,1
4980471,6
4980480,1
4980490,1
4980491,2
4980510,1
4980520,1
4980530,1
4980550,1
4980560,1
4980570,1
4980571,3
4980591,6
4980600,7
4980610,7
4980611,7
4980630,1
4980640,4
4980670,7
4980671,7
4980680,7
4980681,7
4980682,7
4980700,7
4980730,1
4980740,1
4980911,7
6010130,1
6030010,6
6030020,2
6030900,2
6060300,2
7000040,1
7000070,1
7000071,2
7000080,2
7000082,2
7000090,8
7000092,2
7000093,8
7000094,2
7000100,2
7000110,8
7000120,8
7000200,8
7000210,8
7000230,8
7000510,1
7100100,1
7100101,1
7100110,1
7100111,1
7100120,2
7100121,2
7100130,3
7100131,3
7100140,1
7100141,1
7100142,1
7100143,1
7100150,6
7100151,6
7100170,2
7100172,2
7100180,6
7100181,9
7100193,3
7100200,9
7100210,2
7100211,2
7100220,4
7100230,1
7100231,4
7100251,6
7100260,2
7100261,1
7100270,1
7100282,1
8000002,9
8000015,8
8100000,7
8100012,4
8101100,4
8101101,4
8110000,11
9009000,7
81020000,1
81020001,1
81020010,1
81020011,1
81020020,1
81020021,1
81020030,1
81020031,1
81020040,1
81020041,1
81020050,1
81020051,1
81020060,1
81020061,1
81020070,1
81020071,1
81100000,11
81100700,11
81100710,11
81100720,11
81100730,11
81100740,11
81100750,11
81100760,11
81100770,11
81101000,11
81101010,11
81101020,11
81101030,11
81101040,11
81101050,11
81101060,11
81101070,11
81101200,11
81101210,11
81101220,11
81101230,11
81101240,11
81101250,11
81101260,11
81101270,11
81103200,11
81103210,11
81103220,11
81103230,11
81103240,11
81103250,11
81103260,11
81103270,11
81103300,11
81103310,11
81103320,11
81103330,11
81103340,11
81103350,11
81103360,11
81103370,11
81105000,11
81105010,11
81105020,11
81105030,11
81105040,11
81105050,11
81105060,11
81105070,11
81110000,11
81110010,11
81110020,11
81110030,11
81110040,11
81110050,11
81110060,11
81110070,11
81200000,11
81202000,11
81202010,11
81202020,11
81202030,11
81202040,11
81202050,11
81202060,11
81202070,11
81203000,11
81203010,11
81203020,11
81203030,11
81203040,11
81203050,11
81203060,11
81203070,11
81203200,11
81203210,11
81203220,11
81203230,11
81203240,11
81203250,11
81203260,11
81203270,11
81205000,11
81205010,11
81205020,11
81205030,11
81205040,11
81205050,11
81205060,11
81205070,11
81300000,3
81301200,3
81301210,3
81301220,3
81301230,3
81301240,3
81301250,3
81301260,3
81301270,3
81303200,3
81303210,3
81303220,3
81303230,3
81303240,3
81303250,3
81303260,3
81303270,3
82100000,2
82100001,1
82101000,2
82101010,2
82101020,2
82101030,2
82101040,2
82101050,2
82101060,2
82101070,2
82101200,2
82101210,2
82101220,2
82101230,2
82101240,2
82101250,2
82101260,2
82101270,2
82102000,2
82102001,1
82102010,2
82102011,1
82102020,2
82102021,1
82102030,2
82102031,1
82102040,2
82102041,1
82102050,2
82102051,1
82102060,2
82102061,1
82102070,2
82102071,1
82103000,2
82103001,1
82103010,2
82103011,1
82103020,2
82103021,1
82103030,2
82103031,1
82103040,2
82103041,1
82103050,2
82103051,1
82103060,2
82103061,1
82103070,2
82103071,1
82104200,2
82104201,1
82104210,2
82104211,1
82104220,2
82104221,1
82104230,2
82104231,1
82104240,2
82104241,1
82104250,2
82104251,1
82104260,2
82104261,1
82104270,2
82104271,1
82105000,2
82105001,1
82105010,2
82105011,1
82105020,2
82105021,1
82105030,2
82105031,1
82105040,2
82105041,1
82105050,2
82105051,1
82105060,2
82105061,1
82105070,2
82105071,1
82105200,2
82105201,1
82105210,2
82105211,1
82105220,2
82105221,1
82105230,2
82105231,1
82105240,2
82105241,1
82105250,2
82105251,1
82105260,2
82105261,1
82105270,2
82105271,1
82200000,4
82200001,4
82200005,4
82200006,4
82210000,4
82210001,4
82210005,4
82210006,4
82400000,2
82402000,2
82402010,2
82402020,2
82402030,2
82402040,2
82402050,2
82402060,2
82402070,2
82402200,2
82402210,2
82402220,2
82402230,2
82402240,2
82402250,2
82402260,2
82402270,2
82500000,4
82500010,4
82500020,4
82500030,4
82500040,4
82500050,4
82500060,4
82500070,4
82700000,7
82700010,7
82700020,7
82700030,7
82700040,7
82700050,7
82700060,7
82700070,7
82800000,7
82803200,7
82803210,7
82803220,7
82803230,7
82803240,7
82803250,7
82803260,7
82803270,7
82900000,7
82900010,7
82900020,7
82900030,7
82900040,7
82900050,7
82900060,7
82900070,7
83000000,2
83000010,2
83000020,2
83000030,2
83000040,2
83000050,2
83000060,2
83000070,2
87000000,7
87000010,7
87000020,7
87000030,7
87000040,7
87000050,7
87000060,7
87000070,7
87001000,7
87001010,7
87001020,7
87001030,7
87001040,7
87001050,7
87001060,7
87001070,7
87001200,7
87001210,7
87001220,7
87001230,7
87001240,7
87001250,7
87001260,7
87001270,7
87001400,7
87001410,7
87001420,7
87001430,7
87001440,7
87001450,7
87001460,7
87001470,7
87002000,7
87002010,7
87002020,7
87002030,7
87002040,7
87002050,7
87002060,7
87002070,7
87003000,7
87003010,7
87003020,7
87003030,7
87003040,7
87003050,7
87003060,7
87003070,7
