ID,spEffectId3
12,6202066
13,6202066
14,6202066
15,-1
16,-1
17,-1
18,-1
20,6202066
50,29519
70,-1
900,-1
901,-1
3030,6202066
3031,6202066
3032,6202066
3033,6202066
3040,6202066
3041,6202066
3042,6202066
3043,6202066
3050,6202066
3051,6202066
3052,6202066
3053,6202066
3060,6202066
3061,6202066
3062,6202066
3130,6202066
3131,6202066
3132,6202066
3133,6202066
3140,6202066
3141,6202066
3142,6202066
3143,6202066
3150,6202066
3151,6202066
3152,6202066
3153,6202066
3160,6202066
3161,6202066
3162,6202066
3200,6202066
3201,6202066
3211,6202066
3212,6202066
3330,6202066
3331,6202066
3332,6202066
3333,6202066
3340,6202066
3341,6202066
3342,6202066
3343,6202066
3430,6202066
3431,6202066
3432,6202066
3433,6202066
3440,6202066
3441,6202066
3442,6202066
3443,6202066
5100,6202066
7000,-1
9910,-1
9920,6202066
100100,6202066
100101,6202066
100202,29519
100203,29519
100900,6202065
100910,-1
100915,-1
101000,6202066
101100,6202066
101110,6202066
102001,29519
102002,29519
102120,6202066
103000,6202066
104000,6202066
120100,6202066
120101,6202066
120105,6202066
120110,6202066
120111,6202066
120115,6202066
120120,6202066
120121,6202066
120125,6202066
120150,6202066
120151,6202066
120155,6202066
120160,6202066
120161,6202066
120165,6202066
120170,6202066
120171,6202066
120175,6202066
149400,6202066
149500,-1
200100,-1
200105,6202066
200200,-1
200300,-1
240000,-1
2010100,6202065
2010105,6202065
2010110,6202065
2010115,6202065
2010120,6202066
2010125,6202066
2010131,6202065
2010136,6202065
2010140,6202065
2010145,6202065
2010191,6202065
2010196,6202065
2010200,6202065
2010205,6202065
2010230,-1
2010235,-1
2010240,6202066
2010270,-1
2010271,6202066
2010300,6202066
2010301,-1
2010305,6202066
2010306,-1
2010310,-1
2010315,-1
2010330,-1
2010340,-1
2030140,-1
2031130,-1
2031150,-1
2031155,-1
2031160,-1
2031176,-1
2031180,-1
2031181,-1
2031230,6202065
2031240,6202066
2031260,6202065
2031261,6202065
2031262,6202065
2031800,-1
2040100,-1
2040110,6202065
2040120,6202065
2040130,6202065
2040140,6202066
2040150,-1
2041100,6202065
2041130,6202066
2041140,-1
2100100,6202066
2100110,-1
2100111,6202065
2100130,-1
2100140,-1
2100150,6202066
2100172,6202066
2100173,6202066
2100180,6202065
2100190,6202065
2100210,6202065
2100220,6202065
2100221,6202066
2100230,6202065
2100231,6202065
2100240,-1
2100241,-1
2100280,6202066
2100290,6215007
2100300,6215007
2100301,6215007
2100350,6202065
2100352,6202066
2110100,6202065
2110130,-1
2110150,-1
2110160,-1
2110165,-1
2110170,6202065
2110190,-1
2110200,-1
2110210,6202065
2110220,-1
2110230,6202065
2110240,-1
2110250,-1
2110251,6202066
2110260,-1
2110270,-1
2110280,6202065
2110310,6202066
2110311,6202065
2110320,6202065
2110321,6202065
2110322,6202065
2110340,-1
2110341,-1
2110350,6202066
2110351,6215010
2110380,6202065
2110390,6202065
2110391,6202065
2110400,6215010
2110401,6202066
2110403,-1
2110420,-1
2110421,6215010
2110430,6202065
2110431,6202065
2110440,6202065
2110441,6202065
2110470,-1
2110490,-1
2110730,6202066
2110740,6202066
2110741,6202065
2110742,-1
2110750,6202065
2110751,6202066
2110752,6215010
2110753,6215010
2110754,6215010
2110900,6202066
2120100,-1
2120110,-1
2120120,-1
2120130,-1
2120140,-1
2120141,-1
2120150,-1
2120160,6202066
2120161,6202065
2120170,-1
2120180,6202066
2120190,-1
2120200,6202066
2120201,6202065
2120202,6202066
2120203,6202065
2120204,6202066
2120205,6202066
2120209,-1
2120210,-1
2120220,-1
2120230,-1
2120231,6202066
2120240,-1
2120241,-1
2120260,-1
2120270,6202065
2120271,6202066
2120280,6202066
2120290,6202066
2120300,-1
2120310,-1
2120321,-1
2120340,-1
2120370,-1
2120380,-1
2120390,-1
2120400,-1
2120401,-1
2120402,-1
2120403,-1
2120404,-1
2120410,-1
2120450,-1
2120460,-1
2120470,-1
2120471,6202066
2120480,6202065
2120481,6202066
2120482,6202066
2120483,6202065
2120484,6202066
2120485,6202065
2120486,6202066
2120487,6202065
2120488,6202066
2120489,-1
2120490,6202066
2120491,-1
2120500,6202065
2120501,6202066
2120502,6202066
2120510,6202066
2120520,6202066
2120530,6202066
2120531,6202065
2120532,6202065
2120643,-1
2120652,6202066
2120653,6215007
2120700,-1
2120720,-1
2120730,-1
2120800,-1
2120801,6202066
2120810,22001
2120811,22001
2120900,-1
2130020,6202066
2130030,-1
2130050,6215007
2130060,6215007
2130090,6202065
2130105,-1
2130110,-1
2130115,-1
2130120,-1
2130125,-1
2130130,-1
2130135,6202065
2130140,-1
2130141,-1
2130142,6202065
2130146,6202066
2130147,6202066
2130148,6202065
2130150,6202065
2130155,-1
2130160,6215007
2130165,6202066
2130170,-1
2130171,-1
2130175,6215008
2130176,6202066
2130177,6202066
2130190,-1
2130191,-1
2130195,6202066
2130196,6202066
2130200,-1
2130205,-1
2130231,6202066
2130235,6202065
2130236,6202066
2130250,-1
2130251,-1
2130257,6202065
2130290,6202065
2130291,-1
2130292,-1
2130295,6202065
2130296,6202066
2130297,6202066
2130300,6202065
2130301,6202065
2130302,-1
2130303,6202066
2130304,-1
2130307,6202065
2130308,6202066
2130309,-1
2130341,6215008
2130350,-1
2130356,-1
2130360,-1
2130361,-1
2130363,6202066
2130364,6202066
2130368,6202065
2130369,6202066
2130390,6202065
2130391,6202065
2130394,6202065
2130398,6202066
2130399,6202066
2130420,-1
2130421,6202065
2130422,6202066
2130424,-1
2130425,-1
2130428,6202066
2130429,-1
2130450,6202066
2130455,6202066
2130460,6202065
2130480,-1
2130490,6202065
2130495,6202065
2130500,6202065
2130510,6202065
2130530,6202065
2130550,6202066
2130560,6202066
2130570,6202066
2130580,6202066
2130595,6215006
2130600,-1
2130610,6202065
2130620,6202066
2130641,-1
2130650,6202066
2130680,6202065
2130681,6202066
2130700,6202066
2130720,6202066
2130725,6202066
2130726,6202066
2130730,6202066
2130740,6202066
2130750,6202066
2130790,-1
2130800,-1
2130801,6202065
2130810,6202066
2130820,6202065
2130821,6202065
2130830,-1
2130831,-1
2130832,6202066
2130833,6202066
2130840,6202065
2130841,6202065
2130842,6202065
2130843,6202066
2130851,6202065
2130880,6202065
2140100,6202066
2140110,6202066
2140120,-1
2140130,6202066
2140140,-1
2140150,6202066
2140160,6202065
2140165,6202065
2140170,6202066
2140175,6202066
2140180,-1
2140181,6202066
2140185,-1
2140186,6202066
2140190,-1
2140195,-1
2140210,-1
2140215,-1
2140220,-1
2140230,6202066
2140240,6202065
2140241,-1
2140246,-1
2140251,6202065
2140252,6202066
2140257,6202066
2140260,6202065
2140270,6202066
2140280,6202066
2140281,6202066
2140282,6202066
2140400,6202066
2140410,6202066
2140420,6202066
2140430,6202066
2140440,6202066
2140500,6202066
2140510,6215007
2140511,6215004
2140520,6215007
2140800,6202066
2140810,6202066
2140820,-1
2140830,6202066
2140840,-1
2140850,6202066
2140860,6202065
2140870,6202066
2140880,-1
2140881,6202066
2140890,-1
2140910,-1
2140920,-1
2140930,6202066
2140940,6202065
2140941,-1
2140951,6202065
2140952,6202066
2140960,6202065
2140970,6202066
2140980,6202066
2140981,6202066
2140982,6202066
2150010,29519
2150020,29519
2180100,6215004
2180131,-1
2180133,-1
2180150,-1
2180151,6202065
2180160,6202065
2180170,6202065
2180180,6215007
2180185,6202065
2180186,-1
2180210,6215007
2180215,6202065
2180220,6202065
2180250,6215007
2180255,6202065
2180260,6215007
2180265,6202065
2180300,6202065
2180320,6215007
2180326,-1
2180327,-1
2180330,6215007
2180335,-1
2180340,6215007
2180345,-1
2190100,6202065
2190110,6202066
2190120,6202065
2190121,6202065
2190130,6202066
2190131,6202066
2190140,-1
2190150,6202066
2190160,-1
2190161,6215010
2190170,6202066
2190180,-1
2190181,6202065
2190190,-1
2190200,6202066
2190201,6215010
2190210,6202065
2190220,6202065
2190230,6202066
2190240,6202066
2190245,6215010
2190250,6215010
2190251,6202066
2190252,6215010
2190260,6202066
2190261,6202066
2190280,-1
2190281,6215010
2190290,6202066
2190291,6215010
2190292,6215010
2190310,6215010
2190311,6215010
2190312,6215010
2190330,6215010
2190331,6215010
2190350,6202066
2190360,6215010
2190361,6215010
2190370,6202066
2190371,6215010
2190372,6215010
2190380,6202066
2190381,6215010
2190382,6215010
2190390,6215010
2190391,6202066
2190392,6215010
2190420,6215010
2190430,6215010
2190440,6215010
2190450,-1
2190460,6215008
2190510,-1
2190520,6215010
2190530,6202066
2200100,6215007
2200101,6215008
2200110,6202065
2200120,6202065
2200130,6202066
2200131,6202066
2200140,6202065
2200150,6202065
2200160,6202066
2200170,6202065
2200190,6215008
2200200,6202065
2200210,-1
2200211,-1
2200212,6215007
2200214,6215008
2200220,6202066
2200221,6215004
2200222,6215008
2200230,6215008
2200231,6215008
2200250,-1
2200260,6202066
2200270,6202066
2200280,6202065
2200281,6202066
2200294,6215007
2200295,6215007
2200296,6215007
2200297,6215007
2200300,6215006
2200310,6215006
2200311,6215008
2200330,6215008
2200360,6215008
2200371,6215008
2200380,6202066
2200391,6215006
2200392,6215006
2200402,6215008
2200410,6215010
2200420,6215007
2200500,6202066
2200510,6202066
2270010,-1
2270030,6202066
2270040,-1
2270080,6202066
2270091,6202066
2270093,6202066
2270100,-1
2270120,6202066
2270130,6202066
2270160,6202066
2270170,6202066
2270180,6202065
2270190,6202065
2270200,6202066
2270210,6202066
2270211,6202066
2270220,6202066
2270221,6202066
2270222,6202066
2271010,-1
2271020,6202065
2271031,6202065
2271040,-1
2500110,6202066
2500120,-1
2500130,-1
2500140,6202066
2500150,6202066
2500160,-1
2500190,6202066
2500200,6202066
2500201,6202066
2500210,6202066
2500220,6202066
2500222,6202066
2500230,-1
2500240,6215010
2500250,6202066
2500254,-1
2500261,-1
2500270,-1
2500271,6215010
2500400,6202066
2500420,-1
2500431,6202066
2500450,-1
2500460,6202066
2500470,6202066
2500480,6202066
2500481,6215010
2500482,6215010
2500490,-1
2500500,6202066
2500501,6215010
2500510,-1
2500520,-1
2500530,-1
2500580,6202066
2500581,-1
2500594,-1
2500600,-1
2500610,6215010
3000100,-1
3000130,6202065
3000140,6202065
3000150,6202065
3000160,-1
3000161,6202065
3000162,6202065
3000163,6202065
3000164,-1
3000165,6202065
3000170,-1
3000210,6202066
3000360,6202065
3000400,-1
3000430,6202065
3000440,6202065
3000450,6202066
3000500,6202065
3000501,6202065
3010110,-1
3010130,6202066
3010131,6202066
3010135,6202065
3010136,6202065
3010150,-1
3010160,6202066
3010170,6202066
3010180,6202066
3010181,6202066
3010185,6202065
3010190,6202066
3010210,-1
3010220,6202066
3010221,6202066
3010225,6202065
3010226,6202065
3010230,6202066
3010231,6202066
3010235,6202065
3010240,6202066
3010245,6202066
3010250,6202066
3010255,6202066
3010280,6202066
3010400,-1
3010411,6202065
3010420,6202065
3010421,6202066
3010430,6202065
3010490,-1
3010491,-1
3010492,6202065
3010500,-1
3010525,6202066
3010530,-1
3010540,6202065
3010541,6202066
3010542,6202066
3010560,6202065
3010561,6202066
3010562,6202066
3010570,6202066
3010580,6202065
3010581,-1
3010583,-1
3010610,6202066
3010710,6202066
3010720,6202066
3010730,6202066
3010740,-1
3010741,6202066
3010750,6202066
3010770,6202066
3010781,-1
3010795,6202066
3010801,-1
3010815,6202066
3010820,6202066
3010830,6202066
3010840,-1
3010841,6202066
3010842,6202066
3010845,6202066
3010847,6202066
3010850,6202066
3010860,6202066
3010870,-1
3010871,6202066
3010872,6202066
3010875,6202066
3010877,6202066
3010880,-1
3010885,6202066
3010920,-1
3010925,6202066
3020100,6202065
3020110,6202066
3020130,6202066
3020140,6202066
3020201,-1
3050100,-1
3050140,-1
3050150,6202066
3050160,6202066
3050181,6202066
3050190,29519
3050195,29519
3050200,6202066
3050201,6202066
3050230,29519
3050235,29519
3050240,29519
3050245,29519
3050250,29519
3050255,29519
3050280,6202066
3050281,6202066
3050290,-1
3050291,6202066
3050310,-1
3050360,6202066
3050361,6202066
3050362,6202066
3050370,6202066
3050371,6202066
3050900,6202066
3050905,6202066
3050910,6202066
3050915,6202066
3050920,6202066
3050925,6202066
3060010,6202066
3060012,6202066
3060020,6202066
3060030,-1
3060040,6202066
3060050,6202066
3060051,6202066
3060060,-1
3060061,6202066
3060070,6202066
3060110,-1
3060111,-1
3060120,-1
3060130,6202066
3060140,6202066
3060150,6202066
3060160,6202066
3060170,-1
3060180,-1
3060190,-1
3060200,6202066
3060900,6202066
3060901,6202066
3061010,6202066
3061012,6202066
3061020,6202066
3061030,-1
3061040,6202066
3061050,6202066
3061051,6202066
3061060,-1
3061061,6202066
3061070,6202066
3061110,-1
3061111,-1
3061120,-1
3061130,6202066
3061140,6202066
3061150,6202066
3061160,6202066
3061170,-1
3061180,6202065
3061190,6202065
3061200,6202066
3061900,6202066
3061901,6202066
3070100,-1
3070110,6202065
3070120,6202065
3070130,6202065
3070140,-1
3070141,6202065
3070142,-1
3070150,6202065
3070160,-1
3070170,6202065
3070200,6202065
3070300,-1
3070340,6202065
3070350,6202065
3070351,6202065
3070352,6202065
3070353,6202065
3070354,6202065
3070440,6202066
3070540,6202065
3070550,6202065
3070560,-1
3070570,6202065
3080000,-1
3080010,6202065
3080030,6202066
3080070,-1
3080080,-1
3080110,6202066
3080130,6215007
3080131,6215007
3080210,-1
3080220,6202066
3080230,-1
3080240,6202066
3080250,-1
3080260,6202066
3080270,-1
3100123,6202066
3100130,6202066
3100131,6202066
3100132,6202066
3100150,6202066
3100170,6202066
3100210,6202066
3100230,6202066
3100240,6202066
3100250,6202066
3100272,6202066
3100280,6202066
3100290,6202066
3100400,6202066
3150100,-1
3150120,6202066
3150130,6202066
3150141,6202066
3150180,6202066
3150190,6202066
3150200,-1
3150201,-1
3150220,6202066
3150221,6202066
3150230,6202066
3150231,6202066
3150243,6202066
3150244,6202066
3150280,6202066
3150281,6202066
3150290,6202066
3150291,6202066
3150301,6202066
3150320,6202065
3150330,6202066
3150340,6202066
3150403,6202066
3150404,6202066
3150410,6202065
3150411,6202065
3150420,6202066
3150421,6202066
3150430,6202066
3150431,6202066
3150440,6202066
3150441,6202066
3150510,6202066
3150511,6202066
3160100,6202065
3160110,6202065
3160120,6202066
3160130,6202066
3170000,6202065
3170010,6202065
3170020,6202065
3170030,6202065
3170200,6202065
3170210,6202065
3170220,6202065
3170230,6202065
3170240,6202065
3170250,6202065
3170900,-1
3180010,6202065
3180020,6202065
3180022,6202066
3180051,6202066
3180060,6202066
3181000,6202066
3181001,6202065
3181002,6202066
3181010,6202066
3181020,6202066
3181030,6202066
3181040,6202065
3181200,6202066
3181201,6202065
3181202,-1
3181210,6202065
3181211,6202066
3181220,6202066
3181230,6202065
3181240,6202066
3181510,6202065
3200061,-1
3250100,6202066
3250110,6202065
3250120,6202066
3250130,6202065
3250140,-1
3250141,6202066
3250150,6202065
3250160,-1
3250170,-1
3250180,6202066
3250181,6202066
3250190,-1
3250200,6202065
3250210,6202065
3250220,6202065
3250230,6202065
3250241,6202065
3250250,6202066
3250260,6202066
3250270,-1
3250280,6202065
3250290,-1
3250291,6202066
3250300,-1
3250301,6202066
3250310,-1
3250311,6202066
3250320,6202065
3250330,6202065
3250340,-1
3250341,6202066
3250350,6202066
3250400,29519
3250410,29519
3250420,29519
3250430,29519
3250440,29519
3250441,6215007
3250450,6202065
3250451,6215008
3250460,6202066
3250461,6215007
3250470,6202065
3250471,6215007
3250480,6202065
3250481,6215007
3250490,29519
3250493,6215007
3250500,6202065
3250501,6215007
3250513,6215007
3250520,6202065
3250521,6215008
3250530,6202065
3250531,6215007
3250540,6202066
3250551,6215007
3250552,6215007
3251100,6202066
3251110,6202066
3251140,-1
3251141,6202066
3251160,-1
3251161,6202066
3251180,6202066
3251190,-1
3251200,6202066
3251220,6202066
3251240,-1
3251270,-1
3251280,6202066
3251281,6202066
3251300,-1
3251310,6202066
3251350,6202066
3251360,6202066
3251380,6202066
3251390,6202066
3251400,6202066
3251420,6202066
3251430,6202066
3251440,6202066
3251450,6202066
3251451,6202066
3251460,6202066
3251912,6215007
3251913,6215007
3252100,-1
3252120,-1
3252130,6202066
3252140,-1
3252150,-1
3252190,6202066
3252191,6202066
3252242,6202065
3252260,-1
3252270,6202065
3252300,6202066
3252310,6202065
3252330,6202065
3252350,6202066
3252351,6202066
3252360,6202066
3252361,6202066
3252370,6202066
3252371,6202066
3252372,-1
3252430,6202065
3252431,6202065
3252450,6202065
3252451,6202065
3252470,6202066
3252471,6202066
3252472,6202066
3252473,6202066
3252480,6202066
3252481,6202066
3252482,6202066
3252483,6202066
3300020,6202066
3300030,6202066
3300031,6202065
3300032,6202065
3300101,6202065
3300110,6202065
3300111,6202066
3300112,6202065
3300120,6202066
3300141,6202066
3300150,6202066
3300201,-1
3300210,6202065
3300211,6202065
3300220,6202065
3300230,6202065
3300231,6202065
3310000,6202065
3310010,6202065
3310020,6202065
3310040,6202065
3310041,6202065
3310100,6202065
3310110,6202065
3310200,6202065
3310210,6202065
3310211,6202065
3310460,6202066
3310520,-1
3310540,6202066
3310550,6202065
3310560,-1
3320130,6215008
3320131,6215007
3320301,6202066
3330100,6202066
3330110,6202066
3350001,-1
3350011,-1
3350020,6202066
3350030,-1
3350031,-1
3350032,-1
3350070,-1
3350080,-1
3350081,6202066
3350090,6202066
3350101,6202065
3350110,6202065
3350111,6202065
3350191,6202065
3350201,6202065
3350211,-1
3350221,6202065
3350230,6202065
3350231,6202065
3350240,-1
3350241,6202065
3350250,6202066
3350251,-1
3350252,6202065
3350261,6202065
3350271,6202065
3350281,6202065
3350301,6202065
3350311,-1
3350321,6202065
3350330,6202065
3350340,-1
3350350,6202066
3350351,-1
3350415,6202065
3350420,6202066
3350425,6202066
3350430,-1
3350431,6202065
3350435,-1
3350436,6202065
3350450,6202065
3350501,-1
3350511,-1
3350520,6202066
3350530,-1
3350531,-1
3350532,-1
3350570,-1
3350572,6202065
3350580,-1
3350581,6202066
3350590,6202066
3350600,6202065
3350601,6202065
3350610,6202065
3350611,6202065
3350691,6202065
3360100,-1
3360104,6202065
3360106,6202065
3360107,6202065
3360110,-1
3360114,6202065
3360116,6202065
3360117,6202065
3360123,-1
3360124,6202066
3360126,6202066
3360127,6202066
3360133,6202066
3360134,6202066
3360136,6202066
3360137,6202066
3360160,6202066
3360180,6202066
3360200,6202065
3360201,6202066
3360210,6202065
3360211,6202065
3360230,6202065
3360240,6202065
3360270,6202066
3360271,6202066
3360300,6202065
3360301,6202066
3360310,6202066
3360410,6202066
3360430,6202066
3360490,-1
3370100,6202066
3370105,6202066
3370110,6202066
3370115,6202066
3370125,6202066
3370150,6202066
3370155,6202066
3400120,6202066
3400130,6202066
3400150,6202066
3400151,6202066
3400152,-1
3400161,6202066
3400162,-1
3400170,6202066
3400181,6202066
3400191,-1
3400192,-1
3400211,-1
3400220,-1
3400221,6202066
3400231,-1
3400240,6202066
3400241,6202066
3400250,-1
3400251,-1
3400270,-1
3400281,-1
3400290,-1
3400291,-1
3400292,-1
3400302,-1
3400310,6202066
3400320,6202066
3400331,6202066
3400340,6202066
3400350,6202066
3400351,6202066
3400402,-1
3400620,6202066
3400630,6202066
3400650,6202066
3400651,6202066
3400652,-1
3400661,6202066
3400662,-1
3400670,6202066
3400681,6202066
3400692,-1
3400711,-1
3400720,-1
3400721,6202066
3400731,6202065
3400740,6202066
3400741,6202066
3400750,-1
3400751,-1
3400760,6202065
3400770,-1
3400771,6202065
3400781,6202065
3400790,-1
3400791,-1
3400792,-1
3400800,6202065
3400802,-1
3400810,6202066
3400820,6202066
3400831,6202066
3400840,6202066
3400850,6202066
3400851,6202066
3400902,-1
3450130,6202065
3450131,6202066
3450170,6202065
3450171,6202065
3450190,6202065
3450191,6202065
3450200,6202065
3450201,6202065
3450202,6202065
3450210,6202065
3450220,6202065
3450230,6202066
3450240,6202065
3450300,6202065
3450330,6202066
3450331,6202066
3451100,6202065
3451110,6202066
3451111,6202066
3451120,6202066
3451130,6202065
3451140,6202065
3451141,6202066
3451150,6202066
3451160,6202066
3451170,6202066
3451180,6202066
3460100,6202066
3460110,6202065
3460120,6202066
3460121,6202066
3460130,6202066
3460131,6202065
3460140,6202066
3460150,6202066
3460151,6215007
3460160,6202066
3460170,6202066
3460180,-1
3460190,6202066
3460200,-1
3460201,6202066
3460210,6202066
3460220,6202065
3460230,6215007
3460240,6202066
3460241,6215007
3470010,-1
3470011,6202065
3470013,-1
3470014,6202065
3470015,-1
3470016,6202066
3470020,-1
3470021,6202065
3470023,-1
3470024,6202065
3470025,6202065
3470026,-1
3470027,6202066
3470028,-1
3470030,-1
3470031,6202065
3470033,-1
3470034,6202065
3470036,6202065
3470037,6202065
3470038,6202065
3470040,-1
3470041,6202065
3470043,6202065
3470051,-1
3470057,6202065
3470058,6202065
3470070,6202065
3470071,6202065
3470072,6202065
3470073,6202065
3470074,6202066
3470075,-1
3470076,6202065
3470077,6202066
3470078,-1
3470079,6202066
3500100,-1
3500101,-1
3500150,6202065
3500160,6202065
3500200,-1
3500201,6202065
3500300,6202065
3500320,-1
3500330,6202065
3500340,6202065
3500360,6202065
3500400,6202065
3500410,-1
3500800,6202066
3500801,6202066
3500810,6202066
3510010,-1
3510030,-1
3510060,-1
3510130,6202065
3510150,6202066
3510170,6202065
3510180,6202066
3510190,6202066
3510200,6202065
3510210,6202066
3510230,6202065
3510701,6202065
3510900,6202066
3510910,6202066
3550100,6202065
3550110,-1
3550120,6202065
3550121,-1
3550130,-1
3550140,-1
3550150,6202065
3550160,6202065
3550170,-1
3550180,-1
3550190,-1
3550200,6202065
3550210,-1
3550260,-1
3550270,6202065
3550285,-1
3550295,-1
3560100,-1
3560110,6202065
3560111,6202066
3560130,-1
3560131,-1
3560140,6202065
3560150,6202066
3560160,-1
3560161,6202066
3560170,-1
3560180,-1
3560192,6202065
3560193,6202065
3560194,6202065
3560195,6202065
3560196,6202065
3560197,6202065
3560201,6202066
3560212,6202065
3560213,6202065
3560220,-1
3560221,6202066
3560230,6202066
3560231,6202066
3560232,6202066
3560233,6202066
3560234,6202066
3560235,6202065
3560240,6202065
3560241,6202066
3560250,-1
3560260,6202065
3560280,6202066
3560300,-1
3560301,-1
3560310,6202066
3560320,-1
3560330,6202065
3560332,6202066
3560340,6202065
3560341,-1
3560342,6202066
3570120,-1
3570130,6202066
3570140,-1
3570151,-1
3570170,6202065
3570180,6202066
3570190,-1
3570191,6202066
3570200,6202066
3570210,6202065
3570212,6202065
3570220,-1
3570221,-1
3570230,-1
3570240,6202066
3570252,6202066
3570255,6202066
3570256,6202065
3570260,-1
3570270,-1
3570310,6202065
3570330,-1
3570340,-1
3570350,6202066
3570360,6202066
3570370,-1
3570380,6202066
3570400,6202066
3570421,-1
3600111,6202066
3600120,6202066
3600140,-1
3600142,6202065
3600160,-1
3600190,6202066
3600191,6202066
3600200,6202066
3600201,6202066
3600202,6202066
3600203,6202066
3600220,6202066
3600300,6202066
3600311,6202066
3600340,6202065
3600342,6202065
3600360,-1
3600371,6202066
3600372,6202066
3600374,6202066
3600390,6202066
3600391,6202066
3600420,6202066
3600430,6202066
3600431,6202066
3600432,6202066
3610100,6202065
3610130,6215002
3610150,6215002
3620110,6202066
3620120,6202066
3620130,6202065
3630140,6202066
3630141,6202066
3630142,6202066
3630143,6202066
3630160,6202066
3650100,-1
3650110,6202065
3650120,-1
3650130,6202065
3650140,6202065
3650150,-1
3650160,-1
3650170,-1
3650171,-1
3650180,6202065
3650190,6202065
3650191,-1
3650201,-1
3650210,-1
3650220,-1
3650230,-1
3650240,-1
3650250,-1
3650315,-1
3650316,-1
3650340,6202066
3650350,-1
3650410,6202066
3650500,6202066
3650510,6202066
3650520,6202066
3650530,6202066
3650540,6202066
3650550,6202066
3650560,6202066
3650570,6202066
3650660,-1
3650800,6202066
3650900,6202065
3660100,6202065
3660110,6202065
3660120,6202065
3660140,6202065
3660150,6202065
3660160,6202065
3660170,6202065
3660180,6202066
3660190,6202065
3660191,6202065
3660200,6202065
3660210,6202065
3660230,6202065
3660240,6202065
3660460,-1
3660501,-1
3660503,-1
3660530,6202066
3661220,6202065
3661230,6202065
3661240,6202065
3661300,6202065
3661310,6202065
3661320,6202065
3661330,6202065
3661340,6202065
3661400,6202065
3661410,6202065
3661420,6202065
3661430,6202065
3661440,6202065
3661500,6202066
3661510,6202066
3661520,6202066
3661530,6202066
3661540,6202066
3661910,6202066
3662100,6202065
3662110,6202065
3662120,6202065
3662130,6202065
3662140,6202065
3662200,6202065
3662210,6202065
3662220,6202065
3662230,6202065
3662240,6202065
3662500,6202066
3662510,6202066
3662520,6202066
3662530,6202066
3662540,6202066
3662910,6202066
3664100,-1
3664120,-1
3664121,6202066
3664141,6202066
3664142,6202066
3664143,6202066
3664150,6202066
3664190,-1
3664191,-1
3664192,6202065
3664193,-1
3664194,6202065
3664195,-1
3664196,6202065
3664197,-1
3670110,6202065
3670111,6202065
3670120,6202065
3670121,6202065
3670122,6202065
3670123,6202065
3670130,6202065
3670131,6202065
3670132,6202065
3670133,6202065
3670140,6202065
3670141,6202065
3670603,6202065
3670604,6202065
3670605,6202065
3670606,6202065
3700100,6202065
3700110,6202065
3700130,6202065
3700140,6202065
3700160,6202065
3700170,6202065
3700190,6202065
3700200,6202066
3700290,6202065
3700300,-1
3700310,6202065
3700320,-1
3700340,-1
3700570,-1
3700571,-1
3700572,-1
3700573,6202066
3702100,6202065
3702200,6202065
3702210,6202065
3702300,6202065
3702301,6202065
3702400,6202065
3702401,6202065
3702402,6202065
3702403,-1
3702500,6202065
3702501,6202065
3702502,6202065
3702600,6202065
3702610,6202065
3702620,6202065
3703100,6202065
3703110,6202065
3703120,6202065
3703121,6202065
3703140,-1
3703150,-1
3703161,-1
3703171,-1
3703180,-1
3703200,-1
3704100,6202066
3704120,-1
3704131,-1
3704140,-1
3704180,-1
3704181,-1
3704190,-1
3704191,-1
3730110,6202066
3750120,6202065
3750130,6202065
3750131,6202065
3750132,6202065
3750140,6202065
3750200,-1
3750210,6202065
3750220,6202065
3750230,6202065
3750231,6202065
3750232,-1
3750233,6202065
3750234,6202065
3750240,6202066
3750241,6202065
3750250,6202065
3750251,6202065
3750300,-1
3750310,6202065
3750320,6202065
3750321,6202065
3750330,6202065
3750331,6202065
3750340,6202066
3750341,6202066
3800100,6202066
3800110,6202066
3800120,-1
3800121,6202065
3800130,6202066
3800140,6202066
3800150,6202066
3800160,6202066
3800170,6202066
3800180,6202066
3800183,6202066
3800185,6202066
3800193,6202065
3800194,6202066
3800200,6202065
3800201,6202065
3800210,6202065
3800211,-1
3800220,6202066
3800221,6202066
3800232,6202066
3800233,6202066
3800250,6202066
3800270,6202066
3800284,6215007
3800285,6202065
3800286,6202066
3800287,6202066
3800300,6215006
3800301,6202066
3800302,6202066
3800310,6215006
3800311,6202066
3800312,6202066
3810111,6202066
3810120,6202066
3810160,6202066
3810170,6202066
3810201,6202065
3810420,6202065
3850000,6202065
3850001,-1
3850002,-1
3850003,6202065
3850010,6202065
3850011,6202065
3850012,6202065
3850013,6202065
3850020,6202065
3850030,6202065
3850040,-1
3850041,6202065
3850050,6202065
3850051,-1
3850052,6202065
3850053,6202065
3850054,6202065
3850055,6202065
3850056,-1
3850057,6202065
3850058,6202065
3850059,-1
3850060,-1
3850090,6202065
3850095,6202065
3850100,6202065
3850101,6202065
3850110,6202065
3850111,6202065
3850212,-1
3850220,6202066
3850250,-1
3850261,-1
3850270,-1
3850300,6202066
3850301,6202066
3860100,-1
3860101,-1
3860110,-1
3860111,-1
3860120,-1
3860121,6202065
3860122,6202065
3860123,6202065
3860130,6202065
3860131,6202065
3860140,6202065
3860141,6202065
3860150,6202065
3860160,6202065
3860175,6202066
3860190,6202066
3860191,6202066
3860200,6202065
3860210,-1
3860220,-1
3860230,6202066
3860240,-1
3860241,6202066
3860250,6202065
3860251,6202065
3860260,6202065
3860280,6202065
3860290,6202065
3860400,6215004
3860405,29519
3900100,-1
3900110,-1
3900120,6202066
3900130,-1
3900131,6202066
3900140,-1
3900141,-1
3900150,6202066
3900160,-1
3900170,-1
3900180,-1
3900181,-1
3900190,-1
3900210,6202066
3900211,6202066
3900212,6202066
3900230,6202066
3900240,-1
3900250,6202065
3900260,-1
3900270,6202066
3900300,-1
3900310,6202065
3900320,6202065
3900330,-1
3900331,-1
3900332,6202066
3900333,6202065
3900340,6202065
3900350,6202065
3900360,6202065
3900370,-1
3900371,6202065
3900380,6202065
3900390,-1
3900391,6202065
3900400,6202065
3900410,-1
3900420,-1
3900421,-1
3900430,-1
3900440,6202065
3901100,-1
3901110,-1
3901120,6202066
3901130,-1
3901131,6202066
3901140,-1
3901141,-1
3901150,6202066
3901160,-1
3901170,6202065
3901180,-1
3901181,-1
3901190,-1
3901210,6202066
3901211,6202066
3901212,6202066
3901220,6202065
3901230,6202066
3901240,-1
3901250,6202065
3901260,-1
3901270,6202066
3901300,-1
3901310,6202065
3901320,-1
3901330,-1
3901331,-1
3901332,6202066
3901370,-1
3901390,-1
3901410,-1
3901420,-1
3901421,-1
3901430,-1
3901440,-1
3910100,-1
3910101,6202066
3910116,-1
3910120,-1
3910130,6202066
3910140,6202066
3910150,6202065
3910160,6202065
3910161,6202066
3910170,-1
3910171,6202066
3910181,6202066
3910190,6202066
3910191,6202066
3910201,6202065
3910202,6202065
3910210,6202065
3910211,6202065
3910230,6202065
3910231,6202065
3910240,6202066
3910250,6202065
3910251,6202065
3910260,6202065
3910270,6202066
3910300,6202066
3910302,6202066
3910322,-1
3910340,-1
3910341,6202066
3910343,6202066
3910344,-1
3910345,6202066
3910347,6202066
3910348,6202066
3910349,6202066
3910360,6202066
3910363,6202066
3910365,6202066
3910380,-1
3910381,-1
3910382,-1
3910383,-1
3950100,-1
3950101,-1
3950102,-1
3950106,6202065
3950107,6202065
3950130,6202066
3950131,6202066
3950132,6202066
3950135,6202066
3950136,6202066
3950137,6202066
3950140,6202065
3950141,6202065
3950142,6202065
3950145,6202065
3950146,6202065
3950147,6202065
3950150,6202065
3950151,6202065
3950160,6202066
3950161,6202066
3950170,6202065
3950180,-1
3950200,-1
3950201,-1
3950210,6202065
3950220,6202066
3950221,6202066
3950235,-1
3950236,-1
3950240,6202066
3950241,6202066
3950270,-1
3950271,-1
3950310,6202066
3950311,6202066
3950320,6202066
3950321,6202066
3950325,6202066
3950326,6202066
3950330,-1
3950331,-1
3950335,6202066
3950336,6202066
3950340,6202065
3950341,6202065
3950345,6202066
3950346,6202066
3950500,-1
3950520,6202066
3950530,6202066
3950610,6202066
3950850,6202066
3970110,-1
3970130,-1
3970140,-1
3970141,6202065
3970150,6202066
3970200,29519
3970210,29519
3970220,6202065
3970230,6202065
3970240,6202065
3970241,6202065
3970250,6202066
3970260,6202065
3970350,6202066
3970400,6215006
3970420,29519
3970450,6202066
3970500,6202066
3970520,-1
3970540,6202066
3970541,-1
3970560,6202066
3970570,-1
3970580,-1
3970581,6202066
3970600,6202066
3970610,29519
3970620,29519
3970630,29519
3970640,6202066
3970641,6202065
3970660,6202066
3970670,6202065
3970680,29519
3970681,6202066
3970700,29519
3970710,29519
3970720,29519
4000100,6202066
4000110,-1
4000111,-1
4000122,-1
4000123,-1
4000320,6215004
4000470,6202066
4000471,6202066
4000560,-1
4000561,6202066
4000760,6215004
4000830,6202066
4000860,6215007
4000930,6202066
4000931,6202066
4000932,6202066
4000933,6202066
4000940,6202066
4000941,6202066
4000942,6202066
4000943,6202066
4020110,-1
4020111,6202065
4020120,6202066
4020121,6202066
4020122,6202066
4020123,6202066
4020124,6202066
4020140,-1
4020150,6202065
4020151,6202065
4020152,6202065
4020153,6202065
4020154,6202065
4020170,-1
4020171,-1
4020180,6202065
4020181,6202065
4020182,6202065
4020210,6202066
4020211,6202066
4020212,6202066
4020213,6202066
4020214,6202066
4020230,-1
4050010,6202066
4050030,6202066
4050040,6202066
4050050,-1
4050052,6202066
4050060,-1
4050070,6202066
4050080,6202066
4050091,6202066
4050100,-1
4050110,6202066
4050320,6202066
4050340,6202066
4050391,6202066
4050410,6202066
4050500,6202066
4050510,6202066
4050530,6202066
4050540,6202066
4050550,6202066
4050560,6202066
4050561,-1
4050570,6202066
4050571,-1
4050580,6202066
4050590,6202066
4050911,-1
4060000,6202066
4060010,6202066
4060020,6202066
4060021,6202066
4060900,6202066
4070020,-1
4070030,6202066
4070110,-1
4070120,-1
4070130,6202065
4070150,6202065
4070160,6202065
4080101,6202065
4080110,-1
4080111,-1
4080120,6202065
4080130,-1
4080131,-1
4090100,6202065
4090101,6202065
4090110,-1
4090111,-1
4090120,-1
4090121,-1
4090130,6202065
4090131,6202065
4090140,6202065
4090141,6202065
4090150,-1
4090151,-1
4090160,6202065
4090161,6202065
4090170,6202065
4090171,6202065
4090180,6202065
4090181,6202065
4090190,-1
4090200,-1
4090201,-1
4100110,-1
4100120,6202065
4100130,6202065
4100140,6202065
4100150,6202065
4100170,-1
4100172,-1
4100310,-1
4100320,6202065
4100330,6202065
4100340,6202065
4100360,6202065
4100370,6202065
4100390,6202065
4100400,6202065
4100410,6202065
4100415,6202065
4100416,6202065
4101500,6202065
4101510,-1
4101520,6202065
4101570,-1
4110100,-1
4110110,-1
4110112,-1
4110141,6202065
4110142,6202065
4120100,6202065
4120110,-1
4120120,-1
4120130,-1
4120131,6202065
4120140,-1
4120141,-1
4120150,6202065
4120180,-1
4120181,6202065
4120182,-1
4130100,-1
4130101,-1
4130102,6202066
4130110,-1
4130111,-1
4130120,6202066
4130130,6202065
4130131,6202066
4130132,6202065
4130133,6202066
4130135,-1
4130136,6202066
4130150,6202065
4130151,6202066
4130162,6202065
4130165,6202065
4130170,6202065
4130171,6202065
4130181,6202065
4130182,6202066
4130183,6202066
4130190,6202065
4130191,-1
4130200,-1
4130201,6202065
4130211,6202066
4130212,6202066
4130220,6202065
4130221,6202065
4130222,-1
4130223,6202065
4130224,-1
4130225,6202065
4130226,-1
4130227,6202065
4130228,-1
4130229,6202065
4130230,-1
4130231,6202065
4130240,6202066
4130241,6202065
4130250,-1
4130251,-1
4130252,6202065
4130260,6202065
4130261,6202065
4130270,6202065
4130271,6202065
4140100,-1
4140105,-1
4140110,-1
4140190,6202065
4140220,6202065
4140510,6202065
4140530,6202065
4140800,-1
4160100,6202065
4160101,6202065
4160102,6202065
4160110,6202065
4160111,6202065
4160112,6202065
4160120,6202065
4160121,6202065
4160122,6202065
4160130,6202065
4160131,6202065
4160132,6202065
4160140,6202065
4160141,6202065
4160142,6202065
4160210,6202065
4160217,6202065
4161301,6202065
4161302,6202065
4161310,6202065
4161311,6202065
4161312,6202065
4161320,6202065
4161321,6202065
4161322,6202065
4161330,6202065
4161331,6202065
4161332,6202065
4161340,6202065
4161341,6202065
4161342,6202065
4161370,6202065
4161371,6202065
4161392,6202065
4161400,6202065
4161401,6202065
4161402,6202065
4161410,6202065
4161411,6202065
4161416,6202065
4161417,6202065
4170100,6202065
4170110,6202065
4170120,6202065
4170130,6202066
4170140,6202065
4170150,6202065
4171100,6202066
4171110,6202066
4171120,6202066
4171130,6202066
4171140,6202066
4171150,6202066
4171160,6202066
4171170,6202066
4171180,6202066
4171190,6202066
4180010,-1
4180030,-1
4190100,6202066
4190110,6202066
4190300,6202066
4191110,6202066
4191300,6202066
4192100,6202066
4192110,6202066
4192300,6202066
4200201,-1
4200203,-1
4200220,6202066
4200230,-1
4200270,6202065
4200271,-1
4200272,6202065
4200310,6202065
4200320,6202065
4200323,6202065
4201100,6202065
4201101,-1
4201120,6202065
4201143,6202065
4201144,6202065
4201145,6202065
4201146,6202065
4201213,6202065
4201214,6202065
4201215,6202065
4201216,6202065
4201221,6202065
4201240,6202065
4201241,-1
4201242,-1
4201250,6202065
4201280,6202065
4201281,6202065
4210000,6202066
4210020,6202066
4210030,6202065
4210040,6202065
4210050,6202066
4210070,6202065
4210200,6202065
4210221,6202066
4210420,6202066
4210430,6202065
4210440,6202065
4210490,6202065
4210560,6202066
4220101,-1
4220131,6202065
4220140,6202066
4220141,6202065
4220142,6202065
4220150,6202065
4220151,6202065
4220152,6202065
4220153,6202065
4220154,6202065
4220155,6202065
4220156,6202065
4220157,6202065
4220158,6202065
4220159,6202065
4220160,6202065
4220170,6202065
4220171,6202065
4220172,6202065
4220173,6202065
4220174,6202065
4220175,6202065
4220179,6202065
4220190,6202066
4220191,6202066
4220201,6202066
4220210,6202066
4220211,6202065
4220212,6202065
4220220,6202066
4220221,6202066
4220230,6202066
4220240,6202066
4220301,-1
4220305,6202065
4220311,6202065
4220404,6202065
4220408,6202065
4220409,6202065
4220500,6202065
4220501,6202065
4220502,6202065
4220503,6202065
4220504,6202065
4220505,6202065
4220506,6202065
4220507,6202065
4220508,6202065
4220509,6202065
4220510,6202065
4220511,6202065
4220600,6202065
4220601,6202065
4220602,6202065
4220603,6202065
4220604,6202065
4220605,6202065
4220606,6202065
4220607,6202065
4220608,6202065
4220609,6202065
4220900,6202066
4220901,6202066
4230100,6202065
4240100,6202065
4240101,6202065
4240110,6202066
4240111,6202066
4240112,6202066
4240113,6202066
4240114,6202066
4240115,6202066
4240120,6202066
4240121,-1
4240140,6202066
4240900,6202066
4241200,6202066
4241220,6202066
4241221,6202066
4241230,6202066
4241711,6202066
4250121,6202065
4250700,6202065
4260120,6202066
4260130,6202066
4260140,6202066
4260150,6202065
4260160,6202066
4260175,6202065
4260180,6202066
4260185,6202066
4260190,6202066
4260195,6202066
4260220,6202066
4260230,6202066
4260240,6202065
4260250,6202065
4260260,6202066
4260275,-1
4260280,6202066
4260285,6202066
4260290,6202066
4260295,6202066
4260300,6202066
4260301,6202066
4260302,6202066
4260310,6202066
4260320,6202066
4260322,6202066
4260324,6202066
4260330,6202066
4260350,6215007
4260351,6215007
4260420,-1
4260430,-1
4270100,6202066
4270101,6202066
4270102,6202065
4270110,6202065
4270120,6202065
4270130,6202066
4270150,6202066
4270151,6202066
4270160,6202066
4270170,6202066
4270180,6202066
4270190,6202066
4270200,6202066
4270210,6202066
4270220,6202066
4270230,6202066
4270260,6202066
4270270,-1
4270280,6202066
4270300,6202066
4270350,6202066
4280120,6202065
4280130,6202066
4280140,6202065
4280150,6202065
4280151,6202065
4280154,6202066
4280155,6202066
4280160,6202065
4280161,6202065
4280170,6202066
4290100,6202066
4290110,6202065
4290120,6202066
4290121,6202065
4290130,6202066
4290140,6202066
4290150,6202065
4290160,6202066
4290170,6202065
4290171,6202066
4290180,6202065
4290190,6202066
4300120,-1
4300130,-1
4300131,6202065
4300190,6202065
4300200,6202065
4300210,6202065
4300220,6202065
4300230,6202065
4300240,6202065
4300241,6202065
4300242,6202065
4300243,6202065
4300300,6202065
4300310,-1
4300320,6202065
4300330,6202065
4300500,-1
4300501,6202065
4300510,6202065
4300520,6202066
4300700,6202065
4310100,-1
4310101,-1
4310102,-1
4310110,6202065
4310111,6202065
4310112,6202065
4310140,-1
4310141,-1
4310142,-1
4310150,6202066
4310160,6202065
4310180,6202065
4310182,6202065
4310210,6202065
4310211,-1
4310220,6202066
4310221,6202066
4310230,6202066
4310231,6202066
4310600,-1
4310601,-1
4310602,-1
4310610,-1
4310611,-1
4310612,-1
4310620,6202066
4310621,6202066
4310622,6202066
4310630,6202066
4310631,6202066
4310632,6202066
4310640,6202066
4310641,6202066
4310642,6202066
4310651,-1
4310660,6202066
4310670,-1
4310672,-1
4310680,6202066
4310681,6202066
4310700,-1
4310710,6202066
4310711,6202066
4310740,6202066
4310750,-1
4310760,6202066
4310762,6202066
4321010,6202065
4321020,-1
4321050,6202065
4321200,-1
4321230,6202066
4321270,-1
4321410,-1
4321411,6202065
4321420,-1
4321421,6202065
4321422,-1
4321430,6202065
4321431,6202065
4321440,6202065
4321590,6202065
4321591,6202065
4321750,6202066
4340100,6202066
4340110,6202066
4340120,6202066
4340121,6202066
4340130,6202066
4340140,6202066
4340160,6202066
4340170,6202066
4340180,6202065
4340200,6202065
4340220,6202066
4340300,6202066
4340301,-1
4340310,6202066
4340320,6202066
4340330,6202066
4340370,6202065
4340703,6202065
4340900,6202066
4340901,-1
4340910,6202065
4340920,6202065
4340930,6202065
4340980,6202065
4341100,6202065
4341101,6202065
4341120,-1
4341121,-1
4341130,-1
4341160,6202066
4341170,-1
4341180,-1
4341300,6202066
4341301,-1
4341310,6202065
4341320,6202065
4341330,6202065
4341370,6202066
4350100,-1
4350101,-1
4350102,29519
4350103,-1
4350104,-1
4350106,-1
4350110,-1
4350111,-1
4350112,29519
4350113,-1
4350114,-1
4350116,-1
4350120,-1
4350121,-1
4350122,29519
4350123,-1
4350124,-1
4350126,-1
4350130,6202066
4350140,6202065
4350141,6202065
4350142,6202065
4350143,6202065
4350144,6202065
4350146,-1
4350150,6202066
4350151,6202066
4350152,6202066
4350153,6202066
4350154,6202066
4350156,6202066
4350160,6202066
4350161,6202066
4350162,6202066
4350163,6202066
4350164,6202066
4350166,6202066
4350170,6202066
4350171,6202066
4350172,6202066
4350173,6202066
4350174,6202066
4350176,6202066
4350180,6202066
4350181,6202066
4350182,6202066
4350183,6202066
4350184,6202066
4350186,6202066
4350190,-1
4350191,-1
4350192,29519
4350193,-1
4350194,-1
4350196,-1
4350200,6202066
4350201,6202066
4350202,6202066
4350203,6202066
4350204,6202066
4350206,6202066
4350210,-1
4350211,-1
4350212,29519
4350213,-1
4350214,-1
4350216,-1
4350230,6202066
4350240,6202066
4350250,6202066
4350260,6202066
4350270,6202066
4350290,6202066
4350291,-1
4350300,6202066
4350301,6202066
4350302,6202066
4350310,6202066
4350318,6215007
4350320,6202066
4350330,6202066
4350340,-1
4350341,-1
4350350,6202066
4350402,29519
4350411,6202065
4350412,6202065
4350413,6202065
4350414,6202065
4350416,6202065
4350420,6202065
4350421,6202065
4350422,6202065
4350423,6202065
4350424,6202065
4350426,6202065
4350430,-1
4350431,-1
4350432,29519
4350433,-1
4350434,-1
4350436,-1
4350440,6202065
4350441,6202065
4350442,6202065
4350443,6202065
4350444,6202065
4350452,29519
4350460,-1
4350461,-1
4350462,29519
4350463,-1
4350464,-1
4350466,-1
4350470,6202065
4350471,6202065
4350472,6202065
4350473,6202065
4350474,6202065
4350482,29519
4350492,6202065
4350493,6202065
4350494,6202065
4350496,6202065
4350500,6202065
4350501,6202065
4350502,6202065
4350503,6202065
4350512,29519
4350516,6202065
4350520,-1
4350521,-1
4350522,29519
4350523,-1
4350524,-1
4350526,-1
4350530,6202065
4350531,6202065
4350532,29519
4350540,-1
4350541,-1
4350542,6202066
4350543,-1
4350551,-1
4350560,6202066
4350573,6215007
4350580,6202066
4350590,6202066
4350600,-1
4350601,-1
4350650,6202066
4350655,6215007
4350660,6202066
4350670,6202066
4350671,6202066
4350700,-1
4350701,-1
4350702,29519
4350703,-1
4350704,-1
4350706,-1
4350710,-1
4350711,-1
4350712,29519
4350713,-1
4350714,-1
4350716,-1
4350720,-1
4350721,-1
4350722,29519
4350723,-1
4350724,-1
4350726,-1
4350730,-1
4350731,-1
4350732,29519
4350733,-1
4350734,-1
4350736,-1
4350740,-1
4350741,-1
4350742,29519
4350743,-1
4350744,-1
4350746,-1
4350750,-1
4350751,-1
4350752,29519
4350753,6202065
4350754,6202065
4350756,6202065
4350760,6202066
4350761,6202066
4350762,6202066
4350763,6202066
4350764,6202066
4350766,6202066
4350770,6202066
4350771,6202066
4350772,6202066
4350773,6202066
4350774,6202066
4350776,6202066
4350793,6202066
4350800,6202066
4350801,6202066
4350810,-1
4350811,6202065
4360100,-1
4360110,6202066
4370100,6202065
4370130,6215007
4370131,6215007
4370200,-1
4370240,-1
4370260,6215007
4370270,-1
4370280,-1
4370290,6215007
4370310,-1
4370505,6202065
4370506,6202065
4370510,6202065
4370511,6202065
4370512,-1
4370513,-1
4370515,6202065
4370516,6202065
4370517,6202065
4370518,6202065
4370601,6202065
4370610,6202065
4370611,6202065
4370620,6202066
4370621,6202066
4370702,-1
4370703,-1
4370720,6202066
4370721,6202066
4380120,-1
4380130,6202065
4380150,6202066
4380162,6202066
4380172,6202065
4380182,6202065
4380192,6202065
4380220,-1
4380230,6202065
4380240,6202065
4380241,6202065
4380252,6202066
4380253,6202066
4380260,6202066
4380261,6202066
4380271,6202066
4380280,6202066
4380281,6202066
4381110,6202065
4381111,6202065
4381120,-1
4381130,6202065
4381150,6202065
4381151,6202065
4381162,-1
4381164,-1
4381170,6202066
4381171,6202066
4381172,6202066
4381173,6202066
4381182,6202066
4381210,6202066
4382111,6202065
4382120,6202065
4382121,6202065
4382130,-1
4382131,-1
4382160,6202065
4382190,6202065
4382192,6202065
4382210,6202065
4382240,6202065
4382280,6202065
4382290,6202065
4382291,6202065
4382300,6202066
4383100,6202065
4383110,6202065
4383120,-1
4383130,6202065
4383140,6202065
4383150,6202065
4383170,-1
4383171,-1
4383172,-1
4383173,-1
4383180,-1
4383181,-1
4383182,-1
4383183,-1
4383184,-1
4383185,-1
4383186,-1
4384120,-1
4384141,-1
4384150,-1
4384151,-1
4384160,-1
4384162,-1
4385320,6202066
4410100,6202066
4410110,6202066
4410111,6202066
4410120,-1
4410130,6202066
4410131,6202066
4410140,6202066
4410150,6202066
4410180,6202066
4410190,6202066
4410191,6202066
4410200,6202066
4410203,6202066
4410205,6202066
4410207,6202066
4410208,6202066
4410300,6202066
4410301,6202066
4420120,6202066
4420130,6202066
4420140,6202066
4420150,6202066
4420151,6202066
4420160,6202065
4420170,6202066
4420180,6202066
4420190,-1
4420200,6202066
4420210,6202066
4420420,6202066
4420430,6202066
4420440,6202066
4420450,6202066
4420451,6202066
4420460,6202065
4420470,6202066
4420480,6202066
4420490,-1
4420500,6202066
4420510,6202066
4430110,-1
4430120,-1
4430140,-1
4430141,-1
4430142,-1
4430143,-1
4430150,-1
4430151,-1
4430160,-1
4430161,-1
4430162,-1
4430163,-1
4430164,-1
4430165,-1
4430170,-1
4430171,-1
4430181,6202065
4430182,6202065
4430200,6202066
4430300,6202066
4440120,-1
4440121,6202065
4440122,-1
4440123,6202065
4440130,6202066
4440131,6202066
4440900,6202066
4440901,6202066
4441220,6202066
4441221,6202066
4441222,6202066
4441223,6202066
4441224,-1
4441230,6202066
4441231,6202066
4441910,6202066
4441911,6202066
4442320,6202066
4442321,6202066
4442322,6202066
4442323,6202066
4442324,-1
4442330,6202066
4442331,6202066
4442910,6202066
4442911,6202066
4450000,-1
4450010,-1
4450020,-1
4450030,-1
4450040,-1
4450050,6202066
4450200,6202066
4450210,-1
4450220,6202065
4450240,-1
4450300,6202066
4450310,6202066
4450320,6202066
4450330,6202066
4460010,6202066
4460011,6202066
4460021,-1
4460100,6202066
4460110,6202066
4460120,6202066
4460125,6202066
4460130,6202066
4460135,6202066
4460800,6202066
4470100,-1
4470101,-1
4470102,-1
4470103,-1
4470110,-1
4470111,-1
4470112,-1
4470113,-1
4470120,6202065
4470121,6202066
4470130,6202066
4470131,6202065
4470140,-1
4470150,-1
4470151,6202065
4470152,6202065
4470153,6202065
4470154,6202065
4470155,6202065
4470156,6202065
4470160,-1
4470161,-1
4470162,-1
4470163,-1
4470164,-1
4470170,-1
4470171,-1
4470172,-1
4470173,-1
4470174,-1
4470175,-1
4470180,6202065
4470181,6202065
4470182,6202065
4470183,6202065
4470184,6202065
4470250,-1
4470251,-1
4470252,-1
4470253,-1
4470254,-1
4470255,-1
4470256,-1
4470257,-1
4470260,-1
4470261,-1
4470262,-1
4470263,-1
4470264,-1
4470265,-1
4470266,-1
4470267,-1
4470275,6202065
4470276,6202065
4470280,6202065
4470281,6202065
4470282,6202065
4470283,6202065
4470290,-1
4470291,6202066
4470292,6202066
4470293,6202066
4470300,-1
4470301,6202066
4470302,6202066
4470303,6202066
4470304,6202066
4470320,6202066
4470321,6202066
4470322,6202066
4470323,6202066
4470324,6202066
4470325,6202066
4470330,-1
4470331,-1
4470332,-1
4470333,-1
4470334,-1
4470335,-1
4470336,-1
4470337,-1
4470338,-1
4470339,-1
4470340,-1
4470341,-1
4470342,-1
4470343,-1
4470344,-1
4470345,-1
4470346,-1
4470347,-1
4470348,-1
4470349,-1
4470350,-1
4470360,-1
4470361,-1
4470362,-1
4470363,-1
4470364,-1
4470365,-1
4470366,-1
4470367,-1
4470368,-1
4470369,-1
4470370,-1
4470371,-1
4470372,-1
4470373,-1
4470374,-1
4470375,-1
4470376,-1
4470377,-1
4470378,-1
4470379,-1
4470380,-1
4470400,-1
4470401,-1
4470402,-1
4470403,-1
4470410,-1
4470411,-1
4470412,-1
4470413,-1
4470414,-1
4470415,-1
4470416,-1
4470417,-1
4470418,-1
4470419,-1
4470420,-1
4470421,-1
4470422,-1
4470423,-1
4470430,6202065
4470431,6202066
4470440,-1
4470441,-1
4470442,-1
4470443,-1
4470444,-1
4470450,-1
4470451,-1
4470452,-1
4470453,-1
4470454,-1
4470460,-1
4470461,-1
4470462,-1
4470463,-1
4470464,-1
4470465,-1
4470466,-1
4470467,-1
4470468,-1
4470469,-1
4470470,-1
4470471,-1
4470472,-1
4470473,-1
4470474,-1
4470475,-1
4470476,-1
4470480,-1
4470481,-1
4470490,-1
4470491,-1
4470492,-1
4470493,-1
4470494,-1
4470495,-1
4470496,-1
4470497,-1
4470510,6202065
4470511,6202065
4470512,6202065
4470513,6202065
4470514,6202065
4470520,-1
4470521,6202066
4470522,6202066
4470523,6202066
4470530,-1
4470531,6202066
4470532,6202066
4470533,6202066
4470534,6202066
4470540,6202065
4470541,-1
4470551,-1
4470560,6202065
4470561,-1
4470571,-1
4470573,6202065
4470574,6202065
4470600,-1
4470601,-1
4470620,6202065
4470621,6202065
4470622,6202065
4470630,-1
4470631,-1
4470632,-1
4470633,-1
4470634,-1
4470635,6202065
4470636,6202065
4470637,6202065
4470638,6202065
4470639,6202065
4470640,6202065
4470645,-1
4470646,-1
4470647,-1
4470648,-1
4470649,-1
4470660,-1
4470661,-1
4470662,-1
4470663,-1
4470664,-1
4470665,-1
4470666,-1
4470667,-1
4470668,-1
4470669,-1
4470670,-1
4470671,-1
4470672,-1
4470673,-1
4470674,-1
4470680,-1
4470681,-1
4470682,-1
4470683,-1
4470684,-1
4470685,-1
4470686,-1
4470687,-1
4470688,-1
4470689,-1
4470690,-1
4470691,-1
4470692,-1
4470693,-1
4470694,-1
4480100,-1
4480130,6215004
4480180,6202066
4480181,6202066
4480182,6202066
4480183,6202066
4480184,6202066
4480185,6202066
4480186,6202066
4480187,6202066
4480500,6202066
4480510,6202066
4480520,6202066
4480530,6202066
4481500,6202066
4481510,6202066
4481520,6202066
4481530,6202066
4481705,6202066
4490120,-1
4490130,-1
4490131,-1
4490132,-1
4490133,-1
4490134,-1
4490140,6202066
4490150,-1
4490160,-1
4490161,-1
4490180,-1
4490181,-1
4491210,6202065
4491220,6202065
4491230,-1
4491231,6202065
4491232,-1
4491233,6202065
4491234,6202065
4491240,-1
4491300,6202066
4500100,6202066
4500101,6202066
4500110,6202066
4500120,6202066
4500130,6202066
4500150,6202066
4500151,6202066
4500160,6202066
4500161,6202066
4500170,6202066
4500180,6202066
4500190,-1
4500200,6202066
4500201,6202066
4500210,6202066
4500211,6202066
4500230,6202066
4500231,6202066
4500232,6202066
4500240,6202066
4500241,6202066
4500242,6202066
4500251,6202066
4500260,6202066
4500290,6202066
4500291,6202066
4500292,6202066
4500300,6202066
4500301,6202066
4500302,6202066
4500330,6202066
4500331,6202066
4500332,6202066
4500340,6202066
4500341,6202066
4500342,6202066
4501100,6202066
4501101,6202066
4501110,6202066
4501120,6202066
4501130,6202066
4501150,6202066
4501151,6202066
4501160,6202066
4501161,6202066
4501170,6202066
4501180,6202066
4501190,-1
4501200,6202066
4501201,6202066
4501210,6202066
4501211,6202066
4501230,6202066
4501231,6202066
4501232,6202066
4501240,6202066
4501241,6202066
4501242,6202066
4501251,6202066
4501260,6202066
4501290,6202066
4501291,6202066
4501292,6202066
4501300,6202066
4501301,6202066
4501302,6202066
4501330,6202066
4501331,6202066
4501332,6202066
4501340,6202066
4501341,6202066
4501342,6202066
4502100,6202066
4502101,6202066
4502110,6202066
4502120,6202066
4502130,6202066
4502150,6202066
4502151,6202066
4502160,6202066
4502161,6202066
4502170,6202066
4502180,6202066
4502190,-1
4502200,6202066
4502201,6202066
4502210,6202066
4502211,6202066
4502230,6202066
4502231,6202066
4502232,6202066
4502240,6202066
4502241,6202066
4502242,6202066
4502251,6202066
4502260,6202066
4502290,6202066
4502291,6202066
4502292,6202066
4502300,6202066
4502301,6202066
4502302,6202066
4502330,6202066
4502331,6202066
4502332,6202066
4502340,6202066
4502341,6202066
4502342,6202066
4502460,6202066
4502461,6202066
4503100,6202066
4503101,6202066
4503110,6202066
4503120,6202066
4503130,6202066
4503150,6202066
4503151,6202066
4503160,6202066
4503161,6202066
4503170,6202066
4503180,6202066
4503190,-1
4503200,6202066
4503201,6202066
4503210,6202066
4503211,6202066
4503230,6202066
4503231,6202066
4503232,6202066
4503240,6202066
4503241,6202066
4503242,6202066
4503251,6202066
4503260,6202066
4503290,6202066
4503291,6202066
4503292,6202066
4503300,6202066
4503301,6202066
4503302,6202066
4503330,6202066
4503331,6202066
4503332,6202066
4503340,6202066
4503341,6202066
4503342,6202066
4503470,-1
4503471,-1
4503480,-1
4510100,-1
4510101,6202066
4510110,-1
4510120,6202066
4510130,6202066
4510140,-1
4510150,6202066
4510160,6202065
4510161,6202066
4510170,29519
4510191,6202066
4510200,6202066
4510240,6202066
4510241,6202066
4510250,6202066
4510251,6202066
4510252,6202066
4510253,6202066
4510260,29519
4510270,29519
4510280,29519
4510290,6202066
4510300,29519
4510310,29519
4510320,29519
4510330,6202066
4510340,6202066
4510350,-1
4510360,6202066
4510370,6202066
4510380,29519
4510390,6215007
4510400,6202065
4510401,6202066
4510410,6202065
4510420,6202066
4510430,6202066
4510440,6202065
4510650,6202065
4510660,6202066
4510800,6215008
4510801,6215008
4510810,6215008
4510820,6215008
4510900,6202066
4510910,6215007
4510920,6202066
4510922,6215007
4510923,6215008
4520100,29519
4520101,29519
4520110,29519
4520111,29519
4520120,29519
4520130,29519
4520160,29519
4520170,29519
4520171,29519
4520180,6202066
4520181,6202066
4520190,6202066
4520191,6202066
4520200,6202066
4520201,6202066
4520210,29519
4520220,29519
4520240,29519
4520241,29519
4520250,29519
4520270,-1
4520280,29519
4520281,29519
4520290,29519
4520291,29519
4520320,6215008
4520325,6215008
4520330,6215007
4520340,29519
4520345,29519
4520351,6202066
4520361,6202066
4520390,6202066
4520391,6202066
4520400,6202066
4520401,6202066
4520410,6202066
4520411,6202066
4520430,29519
4520431,29519
4520450,29519
4520451,29519
4520500,6202066
4520550,29519
4520555,6202066
4520900,6215007
4520950,6215008
4550100,6202066
4550101,6202066
4550110,6202065
4550111,6202066
4550120,6202066
4550130,6202066
4550131,6202066
4550140,6202066
4550150,6202066
4550160,-1
4550161,-1
4550170,6202065
4550171,6202066
4550172,6202066
4550174,6202065
4550175,6202066
4550176,6202066
4550177,6202066
4550178,6202066
4550180,6202066
4550190,-1
4550200,-1
4550201,6202066
4550210,6202066
4550211,6202065
4550212,6202065
4550213,6202066
4550214,6202066
4550220,-1
4550221,6202066
4550240,6202066
4550241,6202066
4550370,6202065
4560110,6202066
4560130,6202066
4560131,6202066
4560132,6202066
4560133,6202066
4560150,6202066
4560160,-1
4560180,-1
4560190,6202066
4560200,-1
4560210,-1
4560250,6202066
4560251,6202066
4560252,6202066
4560253,6202066
4560500,6202066
4560510,6202066
4570100,-1
4570101,-1
4570120,-1
4570121,-1
4570130,-1
4570131,-1
4570140,-1
4570160,6202065
4570161,6202065
4570170,6202065
4570171,6202065
4570180,6202065
4570181,6202065
4570190,6202065
4570191,6202065
4570192,6202065
4570193,6202065
4570194,6202065
4570200,6202065
4570210,6202065
4570211,6202065
4570220,6202065
4570221,6202065
4580100,-1
4580110,-1
4580120,6202066
4580121,6202066
4580130,6202066
4580131,6202066
4580132,6202066
4580133,6202066
4580150,-1
4580151,-1
4580160,-1
4580161,-1
4580162,-1
4580164,-1
4580170,-1
4580180,-1
4580190,6202066
4580191,6202066
4580200,6202066
4580201,6202066
4580210,-1
4580220,6202066
4580230,-1
4580240,-1
4580270,6202066
4580271,6202066
4600100,-1
4600101,6202066
4600102,-1
4600103,6202066
4600110,6202066
4600120,-1
4600121,6202066
4600130,-1
4600131,6202066
4600140,-1
4600141,6202066
4600150,6202066
4600160,6202066
4600170,-1
4600171,6202066
4600180,-1
4600181,6202066
4600190,-1
4600191,-1
4600192,-1
4600200,-1
4600201,-1
4600202,6202066
4600210,-1
4600211,6202066
4600220,-1
4600221,-1
4600230,6202066
4600240,6202066
4600250,-1
4600251,6202066
4600260,-1
4600261,6202066
4600270,-1
4600271,-1
4600300,6202066
4600310,-1
4600311,6202066
4600312,6202066
4600313,6202066
4600314,6202066
4600320,-1
4600321,6202066
4600322,6202066
4600330,-1
4600331,6202066
4600332,6202066
4600333,6202066
4600334,6202066
4600340,-1
4600341,-1
4600342,6202066
4600343,-1
4600344,6202066
4600345,-1
4600346,-1
4600347,6202066
4600348,-1
4600349,-1
4600350,6202065
4600351,6202066
4600352,6202065
4600353,6202066
4600354,6202066
4600355,6202066
4600360,6202066
4600361,-1
4600362,6202066
4600370,-1
4600372,-1
4600380,-1
4600381,6202066
4600383,-1
4600390,6202066
4600400,-1
4600401,-1
4600402,6202066
4600410,-1
4600411,6202066
4600420,-1
4600421,-1
4600422,6202066
4600430,-1
4600431,-1
4600433,-1
4600440,6202066
4600441,-1
4600442,-1
4600443,-1
4600444,-1
4600445,-1
4600446,-1
4600447,-1
4600448,6202066
4600449,6202066
4600450,6202066
4600451,6202066
4600452,6202066
4600453,6202066
4600460,-1
4600461,-1
4600462,-1
4600463,6202066
4600466,-1
4600470,-1
4600471,6202066
4600500,6202066
4600510,-1
4600511,6202066
4600512,6202066
4600520,6202066
4600530,-1
4600531,6202066
4600532,-1
4600533,6202066
4600540,6202066
4600550,-1
4600551,6202066
4600560,-1
4600570,-1
4600571,6202066
4600573,-1
4600580,6202066
4600590,-1
4600591,6202066
4600600,-1
4600601,6202066
4600610,-1
4600611,6202066
4600620,-1
4600700,6202065
4600701,6202065
4600702,6202065
4600703,6202065
4600704,6202065
4600710,6202065
4600711,6202065
4600712,6202065
4600720,6202065
4600721,6202065
4600722,6202065
4600730,6202065
4600731,6202065
4600732,6202065
4600750,6202066
4600770,6202066
4600771,6202066
4600970,6202066
4600971,6202066
4620100,6202066
4620110,6202066
4620120,6202066
4620140,6202066
4620150,6202066
4620151,6202066
4620160,6202066
4620161,6202066
4620170,6202066
4620180,6202066
4620190,6202066
4620191,6202066
4620200,6202066
4620201,6202066
4620202,6202066
4620230,6202066
4620240,6202066
4620262,-1
4620270,6202066
4620290,6202066
4620330,6202066
4620340,6202066
4620341,6202066
4620350,6202066
4620360,6202066
4620510,6202066
4620560,6202066
4620561,6202066
4620800,6202066
4620810,6202066
4620820,6202066
4630110,6202065
4630120,-1
4630121,-1
4630140,6202066
4630150,6202066
4630170,6202066
4630200,6202065
4630210,6202066
4630220,6202065
4630230,-1
4630231,-1
4630240,6202066
4630250,6202066
4630260,6202065
4630410,6202065
4630411,6202066
4640110,6202066
4640120,6202066
4640140,6215008
4640145,6215008
4640150,6215008
4640155,6215008
4640200,6202066
4640250,-1
4640260,6202066
4640270,6202066
4640280,6215008
4640285,6215010
4640290,6202066
4640300,6202066
4640310,6202066
4640315,6215008
4640370,6202066
4640380,6202065
4640420,6202066
4640421,6202066
4640480,6215008
4640485,6215010
4640490,6202066
4640495,6215008
4640510,6202066
4640515,6202066
4640520,6202066
4640525,6202066
4640540,6202066
4640550,6202066
4640600,6202066
4640605,6202066
4640650,-1
4640655,-1
4640660,6202066
4640665,6202066
4640670,6202066
4640675,6202066
4640680,-1
4640690,6202066
4640695,6202066
4640700,6202066
4640705,6202066
4640710,6202066
4640715,6202066
4640770,6202066
4640775,6202066
4640780,6202065
4640785,6202065
4640820,6202066
4640821,6202066
4640825,6202066
4640826,6202066
4640901,6202066
4640911,6202066
4640912,6202066
4640913,6202066
4640914,6202066
4650100,6202066
4650110,6202066
4650120,6202066
4650130,-1
4650132,6202066
4650140,-1
4650141,6202066
4650151,6202066
4650152,6202066
4650160,6202065
4650161,-1
4650162,6202066
4650170,6202066
4650180,-1
4650181,6202066
4650182,6202066
4650191,6202065
4650192,6202066
4650193,6202066
4650194,6202066
4650200,-1
4650201,6202066
4650210,6202066
4650220,-1
4650221,6202066
4650230,-1
4650231,6202066
4650240,6215008
4650250,-1
4650251,-1
4650252,-1
4650253,-1
4650254,6202066
4650256,-1
4650260,-1
4650261,-1
4650262,-1
4650263,-1
4650264,6202066
4650266,-1
4650270,-1
4650271,6202066
4650280,-1
4650281,6202066
4650290,-1
4650291,-1
4650292,-1
4650293,-1
4650294,-1
4650295,-1
4650296,-1
4650298,6202066
4650299,6202066
4650300,6202066
4650301,6202066
4650400,6202066
4650410,6202066
4650420,6202066
4650430,6202065
4650431,29519
4650432,6215007
4650440,6202065
4650441,6215007
4650450,29519
4650451,6202066
4650452,6215007
4650460,6202065
4650461,6202065
4650462,6215007
4650470,6202066
4650480,6202065
4650481,6202066
4650482,6215007
4650491,6202065
4650492,6202066
4650493,6202066
4650494,6215007
4650500,6202065
4650501,6202065
4650502,6215007
4650503,6215007
4650514,6215007
4650580,6202065
4650581,6202065
4650582,6215007
4650583,6215007
4650594,6215007
4650660,6202065
4650661,6215007
4650670,6202066
4650680,6202065
4650681,6215007
4650690,6202065
4650691,6202065
4650692,6202065
4650693,6202065
4650694,6215007
4650696,6215008
4650700,6202065
4650701,6202065
4650702,6202065
4650703,6202065
4650704,6215007
4650706,6215008
4650710,6202065
4650711,6215008
4650712,6215007
4650720,6215007
4650731,6215007
4650780,6202065
4650781,6215007
4650790,6202065
4650791,6215007
4650800,6202065
4650801,6202065
4650802,6202065
4650803,-1
4650804,-1
4650805,-1
4650806,-1
4650808,6215007
4650809,6215007
4650810,6202066
4650811,6202066
4650821,29519
4650822,29519
4650826,6215007
4650827,6215007
4660100,-1
4660101,6202066
4660105,-1
4660106,6202066
4660110,6202066
4660115,6202066
4660120,-1
4660125,-1
4660130,-1
4660131,6202066
4660135,-1
4660136,6202066
4660140,6202066
4660141,6202066
4660145,6202066
4660146,6202066
4660150,-1
4660151,6202066
4660152,6202065
4660153,-1
4660155,-1
4660156,6202066
4660160,6202066
4660161,6202066
4660165,6202066
4660310,6202066
4660311,6202066
4660330,6202066
4660500,6202066
4660501,6202066
4660505,6202066
4660506,6202066
4660600,6202066
4660610,6202065
4660741,6202066
4660750,6202066
4660751,6202066
4660752,6202066
4660755,6202066
4660756,6202066
4660757,6202066
4670100,6202066
4670110,6202065
4670120,6202066
4670121,6202066
4670122,6202066
4670130,6202066
4670140,6202065
4670150,6202066
4670160,6202066
4670170,6202066
4670180,6202066
4670181,6202066
4670210,6202066
4670220,6202066
4670230,-1
4670240,6202066
4670251,6202066
4670253,6202066
4670260,6202066
4670261,6202066
4670262,6202066
4670291,6202066
4670310,6202066
4670320,6202065
4670350,6202066
4670360,6202066
4670370,-1
4670372,6202066
4670390,6202066
4670391,6202066
4680100,-1
4680110,6202066
4680120,-1
4680121,-1
4680130,6202065
4680131,6202065
4680140,6202066
4680141,6202065
4680150,6202066
4680151,6202065
4680160,6202066
4680180,-1
4680185,6202065
4680190,-1
4680191,6202066
4680195,6202066
4680200,-1
4680201,6202066
4680205,6202066
4680220,6202066
4680250,-1
4680263,-1
4680281,6202065
4680285,6202066
4680295,6202065
4680300,6202066
4680320,6202065
4680330,6202066
4680340,6202066
4680350,6202066
4680370,-1
4680455,6202065
4690100,-1
4690101,-1
4690105,-1
4690106,-1
4690110,6202066
4690115,6202066
4690116,-1
4690120,-1
4690121,6202065
4690125,-1
4690126,6202065
4690130,-1
4690131,-1
4690135,-1
4690136,-1
4690140,-1
4690160,-1
4690165,-1
4690170,6202066
4690175,6202066
4690180,-1
4690181,6202065
4690190,-1
4690195,-1
4690212,6202066
4690217,6202066
4690220,6202066
4690221,6202066
4690225,6202066
4690226,6202066
4690231,6202066
4690236,6202066
4690240,6202065
4690260,6202066
4690261,6202066
4690265,6202066
4690266,6202066
4690271,-1
4690272,6202066
4690273,6202066
4690275,-1
4690276,-1
4690277,6202066
4690278,6202066
4690280,-1
4690281,-1
4690285,-1
4690286,-1
4690290,-1
4690291,-1
4690292,6202066
4690293,6202066
4690295,-1
4690296,-1
4690297,6202066
4690298,6202066
4690303,-1
4690308,-1
4690310,6202066
4690320,-1
4690321,-1
4690322,-1
4690323,-1
4690325,-1
4690326,-1
4690327,-1
4690328,-1
4690330,-1
4690331,-1
4690335,-1
4690336,-1
4690980,-1
4690985,6202066
4710100,6202065
4710101,6202066
4710102,-1
4710110,6202066
4710120,6202066
4710130,6202066
4710131,6202066
4710132,6202066
4710140,-1
4710142,-1
4710143,6202066
4710150,-1
4710152,-1
4710153,6202066
4710160,6202066
4710170,6202066
4710180,6202065
4710190,6202066
4710200,-1
4710300,6202066
4710301,6202066
4710302,6202066
4710303,6202066
4710310,6202066
4710311,6202066
4710320,6202066
4710330,6202066
4710331,6202066
4710340,6202066
4710341,-1
4710350,6202066
4710360,6202066
4710370,6202066
4710380,6202066
4710391,6202065
4710500,6215007
4710510,6202066
4710530,6215007
4710540,6202066
4710550,6202065
4710555,6202066
4710560,6202065
4710570,6202066
4710600,6202066
4710610,6202066
4710611,6202066
4710700,-1
4710730,-1
4720100,-1
4720101,6202065
4720110,6202065
4720111,-1
4720114,6202065
4720120,6202066
4720130,6202066
4720140,-1
4720150,-1
4720160,6202066
4720170,-1
4720171,6202065
4720180,-1
4720182,-1
4720190,-1
4720191,6202065
4720192,6202066
4720193,6202066
4720194,6202065
4720203,6202065
4720220,-1
4720230,-1
4720231,6202065
4720240,6202065
4720250,6202066
4720251,6202066
4720260,6202065
4720271,6202065
4720280,-1
4720290,6202066
4720300,6202066
4720320,-1
4720321,6202066
4720330,6202065
4720340,-1
4720341,-1
4720350,-1
4720360,-1
4720370,-1
4720380,-1
4720400,6202066
4721100,6202066
4721110,6202066
4721111,6202065
4721120,6202065
4721130,-1
4721150,-1
4721160,6202065
4721170,6202066
4721180,6202065
4721191,-1
4721192,6202066
4721193,-1
4721195,6202065
4721196,6202065
4721200,6202065
4721210,-1
4721220,6202065
4721230,6202065
4721260,-1
4721300,-1
4721301,-1
4721330,6202066
4721331,6202065
4721340,6202065
4721360,-1
4721370,6202065
4721380,6202065
4721381,6202066
4721382,-1
4721410,-1
4721430,-1
4721432,6202065
4721440,-1
4721441,6202065
4721450,-1
4721460,-1
4721461,-1
4721462,6202065
4721470,6202066
4721471,6202066
4721472,6202065
4721481,6202065
4721600,6202066
4730100,-1
4730101,-1
4730110,6202065
4730120,6202066
4730130,6202065
4730140,6202066
4730150,-1
4730151,-1
4730160,6202066
4730170,6202065
4730180,6202065
4730190,6202066
4730191,6202066
4730200,6202065
4730210,6202065
4730211,6202065
4730220,6202065
4730221,6202065
4730222,6202066
4730224,6202065
4730226,6202066
4730230,6202065
4730231,6202065
4730232,6202066
4730234,6202065
4730236,6202066
4730240,6202066
4730250,6202066
4730260,6202066
4730270,6202065
4730280,6202066
4730290,6202066
4730300,-1
4730310,6202065
4730320,6202065
4730330,-1
4730340,6202065
4730341,6202066
4730342,6202065
4730343,6202065
4730344,6202065
4730345,6202065
4730346,6202065
4730348,-1
4730350,-1
4730360,6202066
4730361,6202065
4730362,6202066
4730363,6202066
4730364,6202065
4730365,6202065
4730366,6202066
4730368,6202066
4730370,-1
4730371,-1
4730410,6202065
4730411,6202065
4730440,6202066
4730450,6202065
4730460,6202065
4730470,6202065
4730480,6202066
4730481,6202066
4730482,6202066
4730483,6202066
4730484,6202066
4730485,6202066
4730500,-1
4730501,-1
4730502,-1
4730503,-1
4730504,-1
4730505,-1
4730506,-1
4730507,-1
4730510,6202065
4730511,6202066
4730512,6202066
4730513,6202065
4730515,6202065
4730520,-1
4730521,-1
4730530,6202065
4730540,6202066
4730550,6202065
4730560,6202066
4730570,-1
4730571,-1
4730580,6202066
4730590,6202065
4730600,6202065
4730610,6202066
4730611,6202066
4730620,6202065
4730630,6202065
4730631,6202065
4730640,6202065
4730641,6202065
4730642,6202066
4730644,6202065
4730650,6202065
4730651,6202065
4730652,6202066
4730654,6202065
4730660,6202066
4730670,6202066
4730680,6202066
4730690,6202065
4730700,6202066
4730710,6202066
4730720,-1
4730730,6202065
4730740,6202065
4730760,6202066
4730761,6202065
4730762,6202066
4730763,6202066
4730764,6202065
4730765,6202065
4730766,6202066
4730770,6202066
4730780,6202065
4730790,6202065
4730800,6202065
4730810,6202065
4730811,6202066
4730812,6202066
4730813,6202065
4730815,6202065
4750111,-1
4750112,6202066
4750140,6202066
4750160,6202066
4750170,-1
4750190,6202066
4750220,6202066
4750225,-1
4750230,6202066
4750250,6202066
4750260,-1
4750262,6202066
4750280,-1
4750281,6202066
4750330,-1
4750340,6202066
4750350,-1
4750371,6202065
4750380,-1
4750390,6202065
4750392,6202065
4750395,-1
4750400,6202065
4750402,6202065
4750405,-1
4750406,6202066
4750410,6202066
4750412,-1
4750413,6202065
4750415,-1
4750450,6202066
4750451,6202066
4750470,6202066
4750471,6202066
4750490,6202066
4750496,-1
4750550,6202066
4750552,-1
4750553,6202065
4750562,6202066
4750566,-1
4760000,-1
4760001,-1
4760030,-1
4760031,-1
4760040,-1
4760050,6202065
4760051,6202065
4760060,-1
4760061,-1
4760062,6202066
4760070,-1
4760071,-1
4760090,6202066
4760100,-1
4760101,-1
4760110,-1
4760131,-1
4760140,-1
4760141,-1
4760142,-1
4760143,-1
4760144,-1
4760145,-1
4760146,-1
4760147,-1
4760170,-1
4760171,6202066
4760180,-1
4760181,-1
4760182,-1
4760183,-1
4760184,-1
4760185,-1
4760186,-1
4760187,-1
4760190,-1
4760191,-1
4760192,6202066
4760200,6202066
4760210,6202066
4760240,-1
4760241,-1
4760250,-1
4760251,-1
4760260,-1
4760262,-1
4760263,-1
4760264,-1
4760265,-1
4760280,6202066
4760301,-1
4760302,-1
4760310,-1
4760311,-1
4760312,-1
4760313,-1
4760314,-1
4760315,-1
4760340,6202066
4760360,-1
4760361,-1
4760370,-1
4760371,-1
4760372,-1
4760373,-1
4760374,-1
4770100,6202065
4770110,6202066
4770120,6202066
4770150,6202066
4770160,-1
4770180,6202066
4770190,6202066
4770210,6202066
4770230,6202066
4770231,6202065
4770232,6202066
4770234,6202066
4770240,6202065
4770250,6202066
4770251,6202066
4770252,6202066
4770261,6202066
4770270,6202065
4770280,6202065
4770290,6202066
4770300,6202066
4770321,6202066
4770322,6202065
4770335,6202066
4770336,6202066
4770350,6202066
4770351,6202066
4770352,6202065
4770360,6202066
4770380,6215004
4770381,6202066
4770382,6215008
4770390,6202066
4770391,6202066
4770392,6215008
4770420,-1
4770421,6202066
4770430,-1
4770431,6215008
4770500,6202066
4770501,6202066
4770510,6202066
4770511,6202065
4770520,6202066
4770530,6202066
4770540,6202066
4770541,6202066
4770550,6202066
4770553,6202066
4770554,6202066
4770555,6202066
4770590,6202066
4770600,-1
4770605,6202066
4770620,6202066
4770630,-1
4770635,6202066
4770650,-1
4770651,-1
4770652,6202066
4770662,6202065
4770663,6202065
4770690,6202065
4770691,6202065
4770720,6202065
4770721,6202065
4770730,6202066
4770732,6202065
4770740,6202066
4770741,6202066
4770750,6202066
4770751,6215004
4770752,6215008
4770760,6202066
4770761,6202066
4770770,6202066
4770771,6202066
4770780,-1
4770800,-1
4770820,6202066
4770823,6215007
4770824,6215007
4770825,6215007
4770830,6202065
4770831,6202065
4770842,6215008
4770880,6202066
4770901,6202066
4770905,6202066
4770911,6202066
4770930,6215008
4800040,6202066
4800125,-1
4800135,-1
4800145,-1
4800160,-1
4800170,6202066
4800180,-1
4800190,6202066
4800195,6202066
4800200,6202066
4800201,6202066
4800210,6202066
4800220,6202066
4800230,6202066
4800240,6202065
4800260,-1
4800310,-1
4800330,6202066
4800340,-1
4800342,6202066
4800345,6202065
4800350,6202066
4800360,6202066
4800370,-1
4800390,6202065
4800395,-1
4800400,6202066
4800435,6202066
4800560,-1
4800570,6202066
4800580,-1
4800590,6202066
4800600,6202066
4800601,6202066
4800620,6202066
4800630,6202066
4800710,-1
4800740,-1
4800742,6202066
4800745,6202065
4800750,6202066
4800760,6202066
4800770,-1
4800790,6202065
4800795,-1
4800800,6202066
4800835,6202066
4800900,6202066
4810100,-1
4810110,-1
4810120,6202066
4810130,6202066
4810150,6202066
4810160,-1
4810163,6215008
4810168,6215007
4810170,6202066
4810183,6215008
4810200,6202066
4810210,6202066
4810220,-1
4810265,6215007
4810269,6215007
4820120,6202066
4820130,-1
4820140,-1
4820150,-1
4820180,-1
4820190,-1
4820191,-1
4910100,6202066
4910110,6202066
4910180,6202066
4910181,6202066
4910200,6202066
4910241,-1
4910260,6202066
4910280,6202066
4910281,6202066
4910291,6202066
4910300,6202066
4910340,6202066
4910512,6202066
4910513,6202066
4910515,6202066
4910520,6202066
4950100,6202066
4950105,6202066
4950110,-1
4950130,6202066
4950135,6202066
4950140,-1
4950180,6202066
4950181,6202066
4950185,6202066
4950225,6202066
4960100,-1
4960105,-1
4960110,6202066
4960115,6202066
4960120,6202066
4960125,6202066
4960130,-1
4960135,-1
4960150,-1
4960155,-1
4960500,6202066
4960505,6202066
4960520,6202066
4960525,6202066
4960530,-1
4960531,6202066
4960532,6202066
4960533,-1
4960535,-1
4960536,6202066
4960537,6202066
4960538,-1
4960540,-1
4960541,-1
4960545,-1
4960546,-1
4960800,6202066
4960830,6202066
4960900,6202066
4980100,6202065
4980110,6202066
4980120,6202066
4980130,6202066
4980140,6202066
4980150,6202065
4980160,6202066
4980170,6202066
4980180,6202066
4980190,6202066
4980220,6202065
4980230,6202066
4980250,6202066
4980260,6202066
4980270,6202066
4980290,6202066
4980291,6202066
4980310,6202066
4980311,6202066
4980320,6202066
4980321,6202066
4980322,6202066
4980400,6202065
4980410,6202066
4980411,6202066
4980420,6202066
4980421,6202065
4980430,6202066
4980431,6202065
4980432,6202066
4980433,6202065
4980440,6202066
4980441,6202065
4980450,6202065
4980460,6202066
4980470,6202066
4980471,-1
4980480,6202066
4980490,6202066
4980491,6202065
4980510,6202066
4980520,6202066
4980530,6202066
4980550,6202066
4980560,6202066
4980570,6202066
4980571,6202066
4980591,-1
4980600,6202066
4980610,6202066
4980611,6202066
4980630,6202065
4980640,6202066
4980670,6202066
4980671,6202066
4980680,6202066
4980681,6202066
4980682,6202066
4980700,6202066
4980730,6202065
4980740,6202065
4980911,6202066
6010130,6202065
6030010,-1
6030020,6202065
6030900,6202065
6060300,6202065
7000040,6202066
7000070,6202066
7000071,6202065
7000080,-1
7000082,-1
7000090,-1
7000092,-1
7000093,-1
7000094,-1
7000100,-1
7000110,-1
7000120,-1
7000200,-1
7000210,-1
7000230,-1
7000510,6202066
7100100,6202066
7100101,6202066
7100110,6202066
7100111,6202066
7100120,-1
7100121,-1
7100130,6202066
7100131,6202066
7100140,6202066
7100141,6202066
7100142,6202066
7100143,6202066
7100150,-1
7100151,-1
7100170,-1
7100172,-1
7100180,-1
7100181,6202065
7100193,6202066
7100200,6202065
7100210,-1
7100211,-1
7100220,6202066
7100230,6202066
7100231,6202066
7100251,-1
7100260,-1
7100261,6202066
7100270,6202066
7100282,6202066
8000002,6202065
8000015,-1
8100000,6202066
8100012,6202066
8101100,6202066
8101101,6202066
8110000,6202066
9009000,6202066
81020000,29519
81020001,29519
81020010,29519
81020011,29519
81020020,29519
81020021,29519
81020030,29519
81020031,29519
81020040,29519
81020041,29519
81020050,29519
81020051,29519
81020060,29519
81020061,29519
81020070,29519
81020071,29519
81100000,6202066
81100700,6202066
81100710,6202066
81100720,6202066
81100730,6202066
81100740,6202066
81100750,6202066
81100760,6202066
81100770,6202066
81101000,6202066
81101010,6202066
81101020,6202066
81101030,6202066
81101040,6202066
81101050,6202066
81101060,6202066
81101070,6202066
81101200,6202066
81101210,6202066
81101220,6202066
81101230,6202066
81101240,6202066
81101250,6202066
81101260,6202066
81101270,6202066
81103200,6202066
81103210,6202066
81103220,6202066
81103230,6202066
81103240,6202066
81103250,6202066
81103260,6202066
81103270,6202066
81103300,6202066
81103310,6202066
81103320,6202066
81103330,6202066
81103340,6202066
81103350,6202066
81103360,6202066
81103370,6202066
81105000,6202066
81105010,6202066
81105020,6202066
81105030,6202066
81105040,6202066
81105050,6202066
81105060,6202066
81105070,6202066
81110000,6202066
81110010,6202066
81110020,6202066
81110030,6202066
81110040,6202066
81110050,6202066
81110060,6202066
81110070,6202066
81200000,6202066
81202000,6202066
81202010,6202066
81202020,6202066
81202030,6202066
81202040,6202066
81202050,6202066
81202060,6202066
81202070,6202066
81203000,6202066
81203010,6202066
81203020,6202066
81203030,6202066
81203040,6202066
81203050,6202066
81203060,6202066
81203070,6202066
81203200,6202066
81203210,6202066
81203220,6202066
81203230,6202066
81203240,6202066
81203250,6202066
81203260,6202066
81203270,6202066
81205000,6202066
81205010,6202066
81205020,6202066
81205030,6202066
81205040,6202066
81205050,6202066
81205060,6202066
81205070,6202066
81300000,6202066
81301200,6202066
81301210,6202066
81301220,6202066
81301230,6202066
81301240,6202066
81301250,6202066
81301260,6202066
81301270,6202066
81303200,6202066
81303210,6202066
81303220,6202066
81303230,6202066
81303240,6202066
81303250,6202066
81303260,6202066
81303270,6202066
82100000,6202065
82100001,6202066
82101000,6202065
82101010,6202065
82101020,6202065
82101030,6202065
82101040,6202065
82101050,6202065
82101060,6202065
82101070,6202065
82101200,6202065
82101210,6202065
82101220,6202065
82101230,6202065
82101240,6202065
82101250,6202065
82101260,6202065
82101270,6202065
82102000,6202065
82102001,6202066
82102010,6202065
82102011,6202066
82102020,6202065
82102021,6202066
82102030,6202065
82102031,6202066
82102040,6202065
82102041,6202066
82102050,6202065
82102051,6202066
82102060,6202065
82102061,6202066
82102070,6202065
82102071,6202066
82103000,6202065
82103001,6202066
82103010,6202065
82103011,6202066
82103020,6202065
82103021,6202066
82103030,6202065
82103031,6202066
82103040,6202065
82103041,6202066
82103050,6202065
82103051,6202066
82103060,6202065
82103061,6202066
82103070,6202065
82103071,6202066
82104200,6202065
82104201,6202066
82104210,6202065
82104211,6202066
82104220,6202065
82104221,6202066
82104230,6202065
82104231,6202066
82104240,6202065
82104241,6202066
82104250,6202065
82104251,6202066
82104260,6202065
82104261,6202066
82104270,6202065
82104271,6202066
82105000,6202065
82105001,6202066
82105010,6202065
82105011,6202066
82105020,6202065
82105021,6202066
82105030,6202065
82105031,6202066
82105040,6202065
82105041,6202066
82105050,6202065
82105051,6202066
82105060,6202065
82105061,6202066
82105070,6202065
82105071,6202066
82105200,6202065
82105201,6202066
82105210,6202065
82105211,6202066
82105220,6202065
82105221,6202066
82105230,6202065
82105231,6202066
82105240,6202065
82105241,6202066
82105250,6202065
82105251,6202066
82105260,6202065
82105261,6202066
82105270,6202065
82105271,6202066
82200000,6202066
82200001,6202066
82200005,6202066
82200006,6202066
82210000,6202066
82210001,6202066
82210005,6202066
82210006,6202066
82400000,6202065
82402000,6202065
82402010,6202065
82402020,6202065
82402030,6202065
82402040,6202065
82402050,6202065
82402060,6202065
82402070,6202065
82402200,6202065
82402210,6202065
82402220,6202065
82402230,6202065
82402240,6202065
82402250,6202065
82402260,6202065
82402270,6202065
82500000,6202066
82500010,6202066
82500020,6202066
82500030,6202066
82500040,6202066
82500050,6202066
82500060,6202066
82500070,6202066
82700000,6202066
82700010,6202066
82700020,6202066
82700030,6202066
82700040,6202066
82700050,6202066
82700060,6202066
82700070,6202066
82800000,6202066
82803200,6202066
82803210,6202066
82803220,6202066
82803230,6202066
82803240,6202066
82803250,6202066
82803260,6202066
82803270,6202066
82900000,6202066
82900010,6202066
82900020,6202066
82900030,6202066
82900040,6202066
82900050,6202066
82900060,6202066
82900070,6202066
83000000,6202065
83000010,6202065
83000020,6202065
83000030,6202065
83000040,6202065
83000050,6202065
83000060,6202065
83000070,6202065
87000000,6202066
87000010,6202066
87000020,6202066
87000030,6202066
87000040,6202066
87000050,6202066
87000060,6202066
87000070,6202066
87001000,6202066
87001010,6202066
87001020,6202066
87001030,6202066
87001040,6202066
87001050,6202066
87001060,6202066
87001070,6202066
87001200,6202066
87001210,6202066
87001220,6202066
87001230,6202066
87001240,6202066
87001250,6202066
87001260,6202066
87001270,6202066
87001400,6202066
87001410,6202066
87001420,6202066
87001430,6202066
87001440,6202066
87001450,6202066
87001460,6202066
87001470,6202066
87002000,6202066
87002010,6202066
87002020,6202066
87002030,6202066
87002040,6202066
87002050,6202066
87002060,6202066
87002070,6202066
87003000,6202066
87003010,6202066
87003020,6202066
87003030,6202066
87003040,6202066
87003050,6202066
87003060,6202066
87003070,6202066
